-- phpMyAdmin SQL Dump
-- version 5.2.1
-- https://www.phpmyadmin.net/
--
-- Host: 127.0.0.1
-- Generation Time: Nov 9,  2025 at 11:20 AM
-- Server version: 10.4.32-MariaDB
-- PHP Version: 8.2.12

SET SQL_MODE = "NO_AUTO_VALUE_ON_ZERO";
START TRANSACTION;
SET time_zone = "+00:00";


/*!40101 SET @OLD_CHARACTER_SET_CLIENT=@@CHARACTER_SET_CLIENT */;
/*!40101 SET @OLD_CHARACTER_SET_RESULTS=@@CHARACTER_SET_RESULTS */;
/*!40101 SET @OLD_COLLATION_CONNECTION=@@COLLATION_CONNECTION */;
/*!40101 SET NAMES utf8mb4 */;

--
-- Database: `pc_builder_db`
--

-- --------------------------------------------------------

--
-- Table structure for table `build`
--

CREATE TABLE `build` (
  `build_id` int(11) NOT NULL,
  `user_id` int(11) NOT NULL,
  `name` varchar(100) NOT NULL,
  `is_public` tinyint(1) NOT NULL DEFAULT 0,
  `total_price` decimal(10,2) NOT NULL DEFAULT 0.00,
  `created_at` datetime DEFAULT current_timestamp(),
  `updated_at` timestamp NOT NULL DEFAULT current_timestamp() ON UPDATE current_timestamp(),
  `is_submitted` tinyint(1) DEFAULT 0
) ENGINE=InnoDB DEFAULT CHARSET=utf8mb4 COLLATE=utf8mb4_general_ci;

--
-- Dumping data for table `build`
--

INSERT INTO `build` (`build_id`, `user_id`, `name`, `is_public`, `total_price`, `created_at`, `updated_at`, `is_submitted`) VALUES
(3, 16, 'Support', 1, 1064.93, '2025-07-29 17:18:34', '2025-07-29 14:35:47', 1),
(9, 6, 'Brave', 1, 1254.93, '2025-07-29 17:45:27', '2025-07-29 14:45:27', 1);

-- --------------------------------------------------------

--
-- Table structure for table `buildcomponent`
--

CREATE TABLE `buildcomponent` (
  `build_id` int(11) NOT NULL,
  `component_id` int(11) NOT NULL,
  `quantity` int(11) DEFAULT 1
) ENGINE=InnoDB DEFAULT CHARSET=utf8mb4 COLLATE=utf8mb4_general_ci;

--
-- Dumping data for table `buildcomponent`
--

INSERT INTO `buildcomponent` (`build_id`, `component_id`, `quantity`) VALUES
(3, 14, 1),
(3, 54, 1),
(3, 94, 1),
(3, 113, 1),
(3, 121, 1),
(3, 136, 1),
(3, 139, 1),
(3, 167, 1),
(9, 28, 1),
(9, 73, 1),
(9, 106, 1),
(9, 112, 1),
(9, 122, 1),
(9, 131, 1),
(9, 144, 1),
(9, 178, 1);

-- --------------------------------------------------------

--
-- Table structure for table `category`
--

CREATE TABLE `category` (
  `category_id` int(11) NOT NULL,
  `name` varchar(100) NOT NULL
) ENGINE=InnoDB DEFAULT CHARSET=utf8mb4 COLLATE=utf8mb4_general_ci;

--
-- Dumping data for table `category`
--

INSERT INTO `category` (`category_id`, `name`) VALUES
(1, 'CPU'),
(2, 'Motherboard'),
(3, 'RAM'),
(4, 'GPU'),
(5, 'Storage'),
(6, 'PSU'),
(7, 'Case'),
(8, 'Cooler');

-- --------------------------------------------------------

--
-- Table structure for table `compatibility_check`
--

CREATE TABLE `compatibility_check` (
  `cpu_id` int(11) NOT NULL,
  `motherboard_id` int(11) NOT NULL,
  `ram_id` int(11) NOT NULL
) ENGINE=InnoDB DEFAULT CHARSET=utf8mb4 COLLATE=utf8mb4_general_ci;

--
-- Dumping data for table `compatibility_check`
--

INSERT INTO `compatibility_check` (`cpu_id`, `motherboard_id`, `ram_id`) VALUES
(1, 47, 97),
(1, 47, 98),
(1, 47, 102),
(1, 47, 103),
(1, 47, 107),
(1, 47, 108),
(1, 50, 97),
(1, 50, 98),
(1, 50, 102),
(1, 50, 103),
(1, 50, 107),
(1, 50, 108),
(1, 51, 93),
(1, 51, 94),
(1, 51, 95),
(1, 51, 96),
(1, 51, 99),
(1, 51, 100),
(1, 51, 101),
(1, 51, 104),
(1, 51, 105),
(1, 51, 106),
(1, 52, 97),
(1, 52, 98),
(1, 52, 102),
(1, 52, 103),
(1, 52, 107),
(1, 52, 108),
(1, 56, 97),
(1, 56, 98),
(1, 56, 102),
(1, 56, 103),
(1, 56, 107),
(1, 56, 108),
(1, 57, 97),
(1, 57, 98),
(1, 57, 102),
(1, 57, 103),
(1, 57, 107),
(1, 57, 108),
(1, 59, 93),
(1, 59, 94),
(1, 59, 95),
(1, 59, 96),
(1, 59, 99),
(1, 59, 100),
(1, 59, 101),
(1, 59, 104),
(1, 59, 105),
(1, 59, 106),
(1, 61, 93),
(1, 61, 94),
(1, 61, 95),
(1, 61, 96),
(1, 61, 99),
(1, 61, 100),
(1, 61, 101),
(1, 61, 104),
(1, 61, 105),
(1, 61, 106),
(1, 70, 93),
(1, 70, 94),
(1, 70, 95),
(1, 70, 96),
(1, 70, 99),
(1, 70, 100),
(1, 70, 101),
(1, 70, 104),
(1, 70, 105),
(1, 70, 106),
(1, 71, 93),
(1, 71, 94),
(1, 71, 95),
(1, 71, 96),
(1, 71, 99),
(1, 71, 100),
(1, 71, 101),
(1, 71, 104),
(1, 71, 105),
(1, 71, 106),
(1, 72, 93),
(1, 72, 94),
(1, 72, 95),
(1, 72, 96),
(1, 72, 99),
(1, 72, 100),
(1, 72, 101),
(1, 72, 104),
(1, 72, 105),
(1, 72, 106),
(1, 75, 97),
(1, 75, 98),
(1, 75, 102),
(1, 75, 103),
(1, 75, 107),
(1, 75, 108),
(1, 76, 97),
(1, 76, 98),
(1, 76, 102),
(1, 76, 103),
(1, 76, 107),
(1, 76, 108),
(1, 77, 97),
(1, 77, 98),
(1, 77, 102),
(1, 77, 103),
(1, 77, 107),
(1, 77, 108),
(2, 47, 97),
(2, 47, 98),
(2, 47, 102),
(2, 47, 103),
(2, 47, 107),
(2, 47, 108),
(2, 50, 97),
(2, 50, 98),
(2, 50, 102),
(2, 50, 103),
(2, 50, 107),
(2, 50, 108),
(2, 51, 93),
(2, 51, 94),
(2, 51, 95),
(2, 51, 96),
(2, 51, 99),
(2, 51, 100),
(2, 51, 101),
(2, 51, 104),
(2, 51, 105),
(2, 51, 106),
(2, 52, 97),
(2, 52, 98),
(2, 52, 102),
(2, 52, 103),
(2, 52, 107),
(2, 52, 108),
(2, 56, 97),
(2, 56, 98),
(2, 56, 102),
(2, 56, 103),
(2, 56, 107),
(2, 56, 108),
(2, 57, 97),
(2, 57, 98),
(2, 57, 102),
(2, 57, 103),
(2, 57, 107),
(2, 57, 108),
(2, 59, 93),
(2, 59, 94),
(2, 59, 95),
(2, 59, 96),
(2, 59, 99),
(2, 59, 100),
(2, 59, 101),
(2, 59, 104),
(2, 59, 105),
(2, 59, 106),
(2, 61, 93),
(2, 61, 94),
(2, 61, 95),
(2, 61, 96),
(2, 61, 99),
(2, 61, 100),
(2, 61, 101),
(2, 61, 104),
(2, 61, 105),
(2, 61, 106),
(2, 70, 93),
(2, 70, 94),
(2, 70, 95),
(2, 70, 96),
(2, 70, 99),
(2, 70, 100),
(2, 70, 101),
(2, 70, 104),
(2, 70, 105),
(2, 70, 106),
(2, 71, 93),
(2, 71, 94),
(2, 71, 95),
(2, 71, 96),
(2, 71, 99),
(2, 71, 100),
(2, 71, 101),
(2, 71, 104),
(2, 71, 105),
(2, 71, 106),
(2, 72, 93),
(2, 72, 94),
(2, 72, 95),
(2, 72, 96),
(2, 72, 99),
(2, 72, 100),
(2, 72, 101),
(2, 72, 104),
(2, 72, 105),
(2, 72, 106),
(2, 75, 97),
(2, 75, 98),
(2, 75, 102),
(2, 75, 103),
(2, 75, 107),
(2, 75, 108),
(2, 76, 97),
(2, 76, 98),
(2, 76, 102),
(2, 76, 103),
(2, 76, 107),
(2, 76, 108),
(2, 77, 97),
(2, 77, 98),
(2, 77, 102),
(2, 77, 103),
(2, 77, 107),
(2, 77, 108),
(3, 47, 97),
(3, 47, 98),
(3, 47, 102),
(3, 47, 103),
(3, 47, 107),
(3, 47, 108),
(3, 50, 97),
(3, 50, 98),
(3, 50, 102),
(3, 50, 103),
(3, 50, 107),
(3, 50, 108),
(3, 51, 93),
(3, 51, 94),
(3, 51, 95),
(3, 51, 96),
(3, 51, 99),
(3, 51, 100),
(3, 51, 101),
(3, 51, 104),
(3, 51, 105),
(3, 51, 106),
(3, 52, 97),
(3, 52, 98),
(3, 52, 102),
(3, 52, 103),
(3, 52, 107),
(3, 52, 108),
(3, 56, 97),
(3, 56, 98),
(3, 56, 102),
(3, 56, 103),
(3, 56, 107),
(3, 56, 108),
(3, 57, 97),
(3, 57, 98),
(3, 57, 102),
(3, 57, 103),
(3, 57, 107),
(3, 57, 108),
(3, 59, 93),
(3, 59, 94),
(3, 59, 95),
(3, 59, 96),
(3, 59, 99),
(3, 59, 100),
(3, 59, 101),
(3, 59, 104),
(3, 59, 105),
(3, 59, 106),
(3, 61, 93),
(3, 61, 94),
(3, 61, 95),
(3, 61, 96),
(3, 61, 99),
(3, 61, 100),
(3, 61, 101),
(3, 61, 104),
(3, 61, 105),
(3, 61, 106),
(3, 70, 93),
(3, 70, 94),
(3, 70, 95),
(3, 70, 96),
(3, 70, 99),
(3, 70, 100),
(3, 70, 101),
(3, 70, 104),
(3, 70, 105),
(3, 70, 106),
(3, 71, 93),
(3, 71, 94),
(3, 71, 95),
(3, 71, 96),
(3, 71, 99),
(3, 71, 100),
(3, 71, 101),
(3, 71, 104),
(3, 71, 105),
(3, 71, 106),
(3, 72, 93),
(3, 72, 94),
(3, 72, 95),
(3, 72, 96),
(3, 72, 99),
(3, 72, 100),
(3, 72, 101),
(3, 72, 104),
(3, 72, 105),
(3, 72, 106),
(3, 75, 97),
(3, 75, 98),
(3, 75, 102),
(3, 75, 103),
(3, 75, 107),
(3, 75, 108),
(3, 76, 97),
(3, 76, 98),
(3, 76, 102),
(3, 76, 103),
(3, 76, 107),
(3, 76, 108),
(3, 77, 97),
(3, 77, 98),
(3, 77, 102),
(3, 77, 103),
(3, 77, 107),
(3, 77, 108),
(4, 47, 97),
(4, 47, 98),
(4, 47, 102),
(4, 47, 103),
(4, 47, 107),
(4, 47, 108),
(4, 50, 97),
(4, 50, 98),
(4, 50, 102),
(4, 50, 103),
(4, 50, 107),
(4, 50, 108),
(4, 51, 93),
(4, 51, 94),
(4, 51, 95),
(4, 51, 96),
(4, 51, 99),
(4, 51, 100),
(4, 51, 101),
(4, 51, 104),
(4, 51, 105),
(4, 51, 106),
(4, 52, 97),
(4, 52, 98),
(4, 52, 102),
(4, 52, 103),
(4, 52, 107),
(4, 52, 108),
(4, 56, 97),
(4, 56, 98),
(4, 56, 102),
(4, 56, 103),
(4, 56, 107),
(4, 56, 108),
(4, 57, 97),
(4, 57, 98),
(4, 57, 102),
(4, 57, 103),
(4, 57, 107),
(4, 57, 108),
(4, 59, 93),
(4, 59, 94),
(4, 59, 95),
(4, 59, 96),
(4, 59, 99),
(4, 59, 100),
(4, 59, 101),
(4, 59, 104),
(4, 59, 105),
(4, 59, 106),
(4, 61, 93),
(4, 61, 94),
(4, 61, 95),
(4, 61, 96),
(4, 61, 99),
(4, 61, 100),
(4, 61, 101),
(4, 61, 104),
(4, 61, 105),
(4, 61, 106),
(4, 70, 93),
(4, 70, 94),
(4, 70, 95),
(4, 70, 96),
(4, 70, 99),
(4, 70, 100),
(4, 70, 101),
(4, 70, 104),
(4, 70, 105),
(4, 70, 106),
(4, 71, 93),
(4, 71, 94),
(4, 71, 95),
(4, 71, 96),
(4, 71, 99),
(4, 71, 100),
(4, 71, 101),
(4, 71, 104),
(4, 71, 105),
(4, 71, 106),
(4, 72, 93),
(4, 72, 94),
(4, 72, 95),
(4, 72, 96),
(4, 72, 99),
(4, 72, 100),
(4, 72, 101),
(4, 72, 104),
(4, 72, 105),
(4, 72, 106),
(4, 75, 97),
(4, 75, 98),
(4, 75, 102),
(4, 75, 103),
(4, 75, 107),
(4, 75, 108),
(4, 76, 97),
(4, 76, 98),
(4, 76, 102),
(4, 76, 103),
(4, 76, 107),
(4, 76, 108),
(4, 77, 97),
(4, 77, 98),
(4, 77, 102),
(4, 77, 103),
(4, 77, 107),
(4, 77, 108),
(11, 48, 93),
(11, 48, 94),
(11, 48, 95),
(11, 48, 96),
(11, 48, 99),
(11, 48, 100),
(11, 48, 101),
(11, 48, 104),
(11, 48, 105),
(11, 48, 106),
(11, 49, 93),
(11, 49, 94),
(11, 49, 95),
(11, 49, 96),
(11, 49, 99),
(11, 49, 100),
(11, 49, 101),
(11, 49, 104),
(11, 49, 105),
(11, 49, 106),
(11, 53, 93),
(11, 53, 94),
(11, 53, 95),
(11, 53, 96),
(11, 53, 99),
(11, 53, 100),
(11, 53, 101),
(11, 53, 104),
(11, 53, 105),
(11, 53, 106),
(11, 54, 93),
(11, 54, 94),
(11, 54, 95),
(11, 54, 96),
(11, 54, 99),
(11, 54, 100),
(11, 54, 101),
(11, 54, 104),
(11, 54, 105),
(11, 54, 106),
(11, 55, 93),
(11, 55, 94),
(11, 55, 95),
(11, 55, 96),
(11, 55, 99),
(11, 55, 100),
(11, 55, 101),
(11, 55, 104),
(11, 55, 105),
(11, 55, 106),
(11, 63, 93),
(11, 63, 94),
(11, 63, 95),
(11, 63, 96),
(11, 63, 99),
(11, 63, 100),
(11, 63, 101),
(11, 63, 104),
(11, 63, 105),
(11, 63, 106),
(11, 64, 93),
(11, 64, 94),
(11, 64, 95),
(11, 64, 96),
(11, 64, 99),
(11, 64, 100),
(11, 64, 101),
(11, 64, 104),
(11, 64, 105),
(11, 64, 106),
(11, 65, 93),
(11, 65, 94),
(11, 65, 95),
(11, 65, 96),
(11, 65, 99),
(11, 65, 100),
(11, 65, 101),
(11, 65, 104),
(11, 65, 105),
(11, 65, 106),
(11, 66, 93),
(11, 66, 94),
(11, 66, 95),
(11, 66, 96),
(11, 66, 99),
(11, 66, 100),
(11, 66, 101),
(11, 66, 104),
(11, 66, 105),
(11, 66, 106),
(11, 67, 93),
(11, 67, 94),
(11, 67, 95),
(11, 67, 96),
(11, 67, 99),
(11, 67, 100),
(11, 67, 101),
(11, 67, 104),
(11, 67, 105),
(11, 67, 106),
(11, 68, 93),
(11, 68, 94),
(11, 68, 95),
(11, 68, 96),
(11, 68, 99),
(11, 68, 100),
(11, 68, 101),
(11, 68, 104),
(11, 68, 105),
(11, 68, 106),
(11, 73, 93),
(11, 73, 94),
(11, 73, 95),
(11, 73, 96),
(11, 73, 99),
(11, 73, 100),
(11, 73, 101),
(11, 73, 104),
(11, 73, 105),
(11, 73, 106),
(11, 74, 93),
(11, 74, 94),
(11, 74, 95),
(11, 74, 96),
(11, 74, 99),
(11, 74, 100),
(11, 74, 101),
(11, 74, 104),
(11, 74, 105),
(11, 74, 106),
(11, 83, 93),
(11, 83, 94),
(11, 83, 95),
(11, 83, 96),
(11, 83, 99),
(11, 83, 100),
(11, 83, 101),
(11, 83, 104),
(11, 83, 105),
(11, 83, 106),
(11, 84, 93),
(11, 84, 94),
(11, 84, 95),
(11, 84, 96),
(11, 84, 99),
(11, 84, 100),
(11, 84, 101),
(11, 84, 104),
(11, 84, 105),
(11, 84, 106),
(12, 48, 93),
(12, 48, 94),
(12, 48, 95),
(12, 48, 96),
(12, 48, 99),
(12, 48, 100),
(12, 48, 101),
(12, 48, 104),
(12, 48, 105),
(12, 48, 106),
(12, 49, 93),
(12, 49, 94),
(12, 49, 95),
(12, 49, 96),
(12, 49, 99),
(12, 49, 100),
(12, 49, 101),
(12, 49, 104),
(12, 49, 105),
(12, 49, 106),
(12, 53, 93),
(12, 53, 94),
(12, 53, 95),
(12, 53, 96),
(12, 53, 99),
(12, 53, 100),
(12, 53, 101),
(12, 53, 104),
(12, 53, 105),
(12, 53, 106),
(12, 54, 93),
(12, 54, 94),
(12, 54, 95),
(12, 54, 96),
(12, 54, 99),
(12, 54, 100),
(12, 54, 101),
(12, 54, 104),
(12, 54, 105),
(12, 54, 106),
(12, 55, 93),
(12, 55, 94),
(12, 55, 95),
(12, 55, 96),
(12, 55, 99),
(12, 55, 100),
(12, 55, 101),
(12, 55, 104),
(12, 55, 105),
(12, 55, 106),
(12, 63, 93),
(12, 63, 94),
(12, 63, 95),
(12, 63, 96),
(12, 63, 99),
(12, 63, 100),
(12, 63, 101),
(12, 63, 104),
(12, 63, 105),
(12, 63, 106),
(12, 64, 93),
(12, 64, 94),
(12, 64, 95),
(12, 64, 96),
(12, 64, 99),
(12, 64, 100),
(12, 64, 101),
(12, 64, 104),
(12, 64, 105),
(12, 64, 106),
(12, 65, 93),
(12, 65, 94),
(12, 65, 95),
(12, 65, 96),
(12, 65, 99),
(12, 65, 100),
(12, 65, 101),
(12, 65, 104),
(12, 65, 105),
(12, 65, 106),
(12, 66, 93),
(12, 66, 94),
(12, 66, 95),
(12, 66, 96),
(12, 66, 99),
(12, 66, 100),
(12, 66, 101),
(12, 66, 104),
(12, 66, 105),
(12, 66, 106),
(12, 67, 93),
(12, 67, 94),
(12, 67, 95),
(12, 67, 96),
(12, 67, 99),
(12, 67, 100),
(12, 67, 101),
(12, 67, 104),
(12, 67, 105),
(12, 67, 106),
(12, 68, 93),
(12, 68, 94),
(12, 68, 95),
(12, 68, 96),
(12, 68, 99),
(12, 68, 100),
(12, 68, 101),
(12, 68, 104),
(12, 68, 105),
(12, 68, 106),
(12, 73, 93),
(12, 73, 94),
(12, 73, 95),
(12, 73, 96),
(12, 73, 99),
(12, 73, 100),
(12, 73, 101),
(12, 73, 104),
(12, 73, 105),
(12, 73, 106),
(12, 74, 93),
(12, 74, 94),
(12, 74, 95),
(12, 74, 96),
(12, 74, 99),
(12, 74, 100),
(12, 74, 101),
(12, 74, 104),
(12, 74, 105),
(12, 74, 106),
(12, 83, 93),
(12, 83, 94),
(12, 83, 95),
(12, 83, 96),
(12, 83, 99),
(12, 83, 100),
(12, 83, 101),
(12, 83, 104),
(12, 83, 105),
(12, 83, 106),
(12, 84, 93),
(12, 84, 94),
(12, 84, 95),
(12, 84, 96),
(12, 84, 99),
(12, 84, 100),
(12, 84, 101),
(12, 84, 104),
(12, 84, 105),
(12, 84, 106),
(13, 48, 93),
(13, 48, 94),
(13, 48, 95),
(13, 48, 96),
(13, 48, 99),
(13, 48, 100),
(13, 48, 101),
(13, 48, 104),
(13, 48, 105),
(13, 48, 106),
(13, 49, 93),
(13, 49, 94),
(13, 49, 95),
(13, 49, 96),
(13, 49, 99),
(13, 49, 100),
(13, 49, 101),
(13, 49, 104),
(13, 49, 105),
(13, 49, 106),
(13, 53, 93),
(13, 53, 94),
(13, 53, 95),
(13, 53, 96),
(13, 53, 99),
(13, 53, 100),
(13, 53, 101),
(13, 53, 104),
(13, 53, 105),
(13, 53, 106),
(13, 54, 93),
(13, 54, 94),
(13, 54, 95),
(13, 54, 96),
(13, 54, 99),
(13, 54, 100),
(13, 54, 101),
(13, 54, 104),
(13, 54, 105),
(13, 54, 106),
(13, 55, 93),
(13, 55, 94),
(13, 55, 95),
(13, 55, 96),
(13, 55, 99),
(13, 55, 100),
(13, 55, 101),
(13, 55, 104),
(13, 55, 105),
(13, 55, 106),
(13, 63, 93),
(13, 63, 94),
(13, 63, 95),
(13, 63, 96),
(13, 63, 99),
(13, 63, 100),
(13, 63, 101),
(13, 63, 104),
(13, 63, 105),
(13, 63, 106),
(13, 64, 93),
(13, 64, 94),
(13, 64, 95),
(13, 64, 96),
(13, 64, 99),
(13, 64, 100),
(13, 64, 101),
(13, 64, 104),
(13, 64, 105),
(13, 64, 106),
(13, 65, 93),
(13, 65, 94),
(13, 65, 95),
(13, 65, 96),
(13, 65, 99),
(13, 65, 100),
(13, 65, 101),
(13, 65, 104),
(13, 65, 105),
(13, 65, 106),
(13, 66, 93),
(13, 66, 94),
(13, 66, 95),
(13, 66, 96),
(13, 66, 99),
(13, 66, 100),
(13, 66, 101),
(13, 66, 104),
(13, 66, 105),
(13, 66, 106),
(13, 67, 93),
(13, 67, 94),
(13, 67, 95),
(13, 67, 96),
(13, 67, 99),
(13, 67, 100),
(13, 67, 101),
(13, 67, 104),
(13, 67, 105),
(13, 67, 106),
(13, 68, 93),
(13, 68, 94),
(13, 68, 95),
(13, 68, 96),
(13, 68, 99),
(13, 68, 100),
(13, 68, 101),
(13, 68, 104),
(13, 68, 105),
(13, 68, 106),
(13, 73, 93),
(13, 73, 94),
(13, 73, 95),
(13, 73, 96),
(13, 73, 99),
(13, 73, 100),
(13, 73, 101),
(13, 73, 104),
(13, 73, 105),
(13, 73, 106),
(13, 74, 93),
(13, 74, 94),
(13, 74, 95),
(13, 74, 96),
(13, 74, 99),
(13, 74, 100),
(13, 74, 101),
(13, 74, 104),
(13, 74, 105),
(13, 74, 106),
(13, 83, 93),
(13, 83, 94),
(13, 83, 95),
(13, 83, 96),
(13, 83, 99),
(13, 83, 100),
(13, 83, 101),
(13, 83, 104),
(13, 83, 105),
(13, 83, 106),
(13, 84, 93),
(13, 84, 94),
(13, 84, 95),
(13, 84, 96),
(13, 84, 99),
(13, 84, 100),
(13, 84, 101),
(13, 84, 104),
(13, 84, 105),
(13, 84, 106),
(14, 48, 93),
(14, 48, 94),
(14, 48, 95),
(14, 48, 96),
(14, 48, 99),
(14, 48, 100),
(14, 48, 101),
(14, 48, 104),
(14, 48, 105),
(14, 48, 106),
(14, 49, 93),
(14, 49, 94),
(14, 49, 95),
(14, 49, 96),
(14, 49, 99),
(14, 49, 100),
(14, 49, 101),
(14, 49, 104),
(14, 49, 105),
(14, 49, 106),
(14, 53, 93),
(14, 53, 94),
(14, 53, 95),
(14, 53, 96),
(14, 53, 99),
(14, 53, 100),
(14, 53, 101),
(14, 53, 104),
(14, 53, 105),
(14, 53, 106),
(14, 54, 93),
(14, 54, 94),
(14, 54, 95),
(14, 54, 96),
(14, 54, 99),
(14, 54, 100),
(14, 54, 101),
(14, 54, 104),
(14, 54, 105),
(14, 54, 106),
(14, 55, 93),
(14, 55, 94),
(14, 55, 95),
(14, 55, 96),
(14, 55, 99),
(14, 55, 100),
(14, 55, 101),
(14, 55, 104),
(14, 55, 105),
(14, 55, 106),
(14, 63, 93),
(14, 63, 94),
(14, 63, 95),
(14, 63, 96),
(14, 63, 99),
(14, 63, 100),
(14, 63, 101),
(14, 63, 104),
(14, 63, 105),
(14, 63, 106),
(14, 64, 93),
(14, 64, 94),
(14, 64, 95),
(14, 64, 96),
(14, 64, 99),
(14, 64, 100),
(14, 64, 101),
(14, 64, 104),
(14, 64, 105),
(14, 64, 106),
(14, 65, 93),
(14, 65, 94),
(14, 65, 95),
(14, 65, 96),
(14, 65, 99),
(14, 65, 100),
(14, 65, 101),
(14, 65, 104),
(14, 65, 105),
(14, 65, 106),
(14, 66, 93),
(14, 66, 94),
(14, 66, 95),
(14, 66, 96),
(14, 66, 99),
(14, 66, 100),
(14, 66, 101),
(14, 66, 104),
(14, 66, 105),
(14, 66, 106),
(14, 67, 93),
(14, 67, 94),
(14, 67, 95),
(14, 67, 96),
(14, 67, 99),
(14, 67, 100),
(14, 67, 101),
(14, 67, 104),
(14, 67, 105),
(14, 67, 106),
(14, 68, 93),
(14, 68, 94),
(14, 68, 95),
(14, 68, 96),
(14, 68, 99),
(14, 68, 100),
(14, 68, 101),
(14, 68, 104),
(14, 68, 105),
(14, 68, 106),
(14, 73, 93),
(14, 73, 94),
(14, 73, 95),
(14, 73, 96),
(14, 73, 99),
(14, 73, 100),
(14, 73, 101),
(14, 73, 104),
(14, 73, 105),
(14, 73, 106),
(14, 74, 93),
(14, 74, 94),
(14, 74, 95),
(14, 74, 96),
(14, 74, 99),
(14, 74, 100),
(14, 74, 101),
(14, 74, 104),
(14, 74, 105),
(14, 74, 106),
(14, 83, 93),
(14, 83, 94),
(14, 83, 95),
(14, 83, 96),
(14, 83, 99),
(14, 83, 100),
(14, 83, 101),
(14, 83, 104),
(14, 83, 105),
(14, 83, 106),
(14, 84, 93),
(14, 84, 94),
(14, 84, 95),
(14, 84, 96),
(14, 84, 99),
(14, 84, 100),
(14, 84, 101),
(14, 84, 104),
(14, 84, 105),
(14, 84, 106),
(15, 89, 97),
(15, 89, 98),
(15, 89, 102),
(15, 89, 103),
(15, 89, 107),
(15, 89, 108),
(15, 90, 97),
(15, 90, 98),
(15, 90, 102),
(15, 90, 103),
(15, 90, 107),
(15, 90, 108),
(15, 91, 97),
(15, 91, 98),
(15, 91, 102),
(15, 91, 103),
(15, 91, 107),
(15, 91, 108),
(15, 92, 97),
(15, 92, 98),
(15, 92, 102),
(15, 92, 103),
(15, 92, 107),
(15, 92, 108),
(16, 89, 97),
(16, 89, 98),
(16, 89, 102),
(16, 89, 103),
(16, 89, 107),
(16, 89, 108),
(16, 90, 97),
(16, 90, 98),
(16, 90, 102),
(16, 90, 103),
(16, 90, 107),
(16, 90, 108),
(16, 91, 97),
(16, 91, 98),
(16, 91, 102),
(16, 91, 103),
(16, 91, 107),
(16, 91, 108),
(16, 92, 97),
(16, 92, 98),
(16, 92, 102),
(16, 92, 103),
(16, 92, 107),
(16, 92, 108),
(17, 89, 97),
(17, 89, 98),
(17, 89, 102),
(17, 89, 103),
(17, 89, 107),
(17, 89, 108),
(17, 90, 97),
(17, 90, 98),
(17, 90, 102),
(17, 90, 103),
(17, 90, 107),
(17, 90, 108),
(17, 91, 97),
(17, 91, 98),
(17, 91, 102),
(17, 91, 103),
(17, 91, 107),
(17, 91, 108),
(17, 92, 97),
(17, 92, 98),
(17, 92, 102),
(17, 92, 103),
(17, 92, 107),
(17, 92, 108),
(18, 89, 97),
(18, 89, 98),
(18, 89, 102),
(18, 89, 103),
(18, 89, 107),
(18, 89, 108),
(18, 90, 97),
(18, 90, 98),
(18, 90, 102),
(18, 90, 103),
(18, 90, 107),
(18, 90, 108),
(18, 91, 97),
(18, 91, 98),
(18, 91, 102),
(18, 91, 103),
(18, 91, 107),
(18, 91, 108),
(18, 92, 97),
(18, 92, 98),
(18, 92, 102),
(18, 92, 103),
(18, 92, 107),
(18, 92, 108),
(19, 47, 97),
(19, 47, 98),
(19, 47, 102),
(19, 47, 103),
(19, 47, 107),
(19, 47, 108),
(19, 50, 97),
(19, 50, 98),
(19, 50, 102),
(19, 50, 103),
(19, 50, 107),
(19, 50, 108),
(19, 51, 93),
(19, 51, 94),
(19, 51, 95),
(19, 51, 96),
(19, 51, 99),
(19, 51, 100),
(19, 51, 101),
(19, 51, 104),
(19, 51, 105),
(19, 51, 106),
(19, 52, 97),
(19, 52, 98),
(19, 52, 102),
(19, 52, 103),
(19, 52, 107),
(19, 52, 108),
(19, 56, 97),
(19, 56, 98),
(19, 56, 102),
(19, 56, 103),
(19, 56, 107),
(19, 56, 108),
(19, 57, 97),
(19, 57, 98),
(19, 57, 102),
(19, 57, 103),
(19, 57, 107),
(19, 57, 108),
(19, 59, 93),
(19, 59, 94),
(19, 59, 95),
(19, 59, 96),
(19, 59, 99),
(19, 59, 100),
(19, 59, 101),
(19, 59, 104),
(19, 59, 105),
(19, 59, 106),
(19, 61, 93),
(19, 61, 94),
(19, 61, 95),
(19, 61, 96),
(19, 61, 99),
(19, 61, 100),
(19, 61, 101),
(19, 61, 104),
(19, 61, 105),
(19, 61, 106),
(19, 70, 93),
(19, 70, 94),
(19, 70, 95),
(19, 70, 96),
(19, 70, 99),
(19, 70, 100),
(19, 70, 101),
(19, 70, 104),
(19, 70, 105),
(19, 70, 106),
(19, 71, 93),
(19, 71, 94),
(19, 71, 95),
(19, 71, 96),
(19, 71, 99),
(19, 71, 100),
(19, 71, 101),
(19, 71, 104),
(19, 71, 105),
(19, 71, 106),
(19, 72, 93),
(19, 72, 94),
(19, 72, 95),
(19, 72, 96),
(19, 72, 99),
(19, 72, 100),
(19, 72, 101),
(19, 72, 104),
(19, 72, 105),
(19, 72, 106),
(19, 75, 97),
(19, 75, 98),
(19, 75, 102),
(19, 75, 103),
(19, 75, 107),
(19, 75, 108),
(19, 76, 97),
(19, 76, 98),
(19, 76, 102),
(19, 76, 103),
(19, 76, 107),
(19, 76, 108),
(19, 77, 97),
(19, 77, 98),
(19, 77, 102),
(19, 77, 103),
(19, 77, 107),
(19, 77, 108),
(20, 48, 93),
(20, 48, 94),
(20, 48, 95),
(20, 48, 96),
(20, 48, 99),
(20, 48, 100),
(20, 48, 101),
(20, 48, 104),
(20, 48, 105),
(20, 48, 106),
(20, 49, 93),
(20, 49, 94),
(20, 49, 95),
(20, 49, 96),
(20, 49, 99),
(20, 49, 100),
(20, 49, 101),
(20, 49, 104),
(20, 49, 105),
(20, 49, 106),
(20, 53, 93),
(20, 53, 94),
(20, 53, 95),
(20, 53, 96),
(20, 53, 99),
(20, 53, 100),
(20, 53, 101),
(20, 53, 104),
(20, 53, 105),
(20, 53, 106),
(20, 54, 93),
(20, 54, 94),
(20, 54, 95),
(20, 54, 96),
(20, 54, 99),
(20, 54, 100),
(20, 54, 101),
(20, 54, 104),
(20, 54, 105),
(20, 54, 106),
(20, 55, 93),
(20, 55, 94),
(20, 55, 95),
(20, 55, 96),
(20, 55, 99),
(20, 55, 100),
(20, 55, 101),
(20, 55, 104),
(20, 55, 105),
(20, 55, 106),
(20, 63, 93),
(20, 63, 94),
(20, 63, 95),
(20, 63, 96),
(20, 63, 99),
(20, 63, 100),
(20, 63, 101),
(20, 63, 104),
(20, 63, 105),
(20, 63, 106),
(20, 64, 93),
(20, 64, 94),
(20, 64, 95),
(20, 64, 96),
(20, 64, 99),
(20, 64, 100),
(20, 64, 101),
(20, 64, 104),
(20, 64, 105),
(20, 64, 106),
(20, 65, 93),
(20, 65, 94),
(20, 65, 95),
(20, 65, 96),
(20, 65, 99),
(20, 65, 100),
(20, 65, 101),
(20, 65, 104),
(20, 65, 105),
(20, 65, 106),
(20, 66, 93),
(20, 66, 94),
(20, 66, 95),
(20, 66, 96),
(20, 66, 99),
(20, 66, 100),
(20, 66, 101),
(20, 66, 104),
(20, 66, 105),
(20, 66, 106),
(20, 67, 93),
(20, 67, 94),
(20, 67, 95),
(20, 67, 96),
(20, 67, 99),
(20, 67, 100),
(20, 67, 101),
(20, 67, 104),
(20, 67, 105),
(20, 67, 106),
(20, 68, 93),
(20, 68, 94),
(20, 68, 95),
(20, 68, 96),
(20, 68, 99),
(20, 68, 100),
(20, 68, 101),
(20, 68, 104),
(20, 68, 105),
(20, 68, 106),
(20, 73, 93),
(20, 73, 94),
(20, 73, 95),
(20, 73, 96),
(20, 73, 99),
(20, 73, 100),
(20, 73, 101),
(20, 73, 104),
(20, 73, 105),
(20, 73, 106),
(20, 74, 93),
(20, 74, 94),
(20, 74, 95),
(20, 74, 96),
(20, 74, 99),
(20, 74, 100),
(20, 74, 101),
(20, 74, 104),
(20, 74, 105),
(20, 74, 106),
(20, 83, 93),
(20, 83, 94),
(20, 83, 95),
(20, 83, 96),
(20, 83, 99),
(20, 83, 100),
(20, 83, 101),
(20, 83, 104),
(20, 83, 105),
(20, 83, 106),
(20, 84, 93),
(20, 84, 94),
(20, 84, 95),
(20, 84, 96),
(20, 84, 99),
(20, 84, 100),
(20, 84, 101),
(20, 84, 104),
(20, 84, 105),
(20, 84, 106),
(21, 48, 93),
(21, 48, 94),
(21, 48, 95),
(21, 48, 96),
(21, 48, 99),
(21, 48, 100),
(21, 48, 101),
(21, 48, 104),
(21, 48, 105),
(21, 48, 106),
(21, 49, 93),
(21, 49, 94),
(21, 49, 95),
(21, 49, 96),
(21, 49, 99),
(21, 49, 100),
(21, 49, 101),
(21, 49, 104),
(21, 49, 105),
(21, 49, 106),
(21, 53, 93),
(21, 53, 94),
(21, 53, 95),
(21, 53, 96),
(21, 53, 99),
(21, 53, 100),
(21, 53, 101),
(21, 53, 104),
(21, 53, 105),
(21, 53, 106),
(21, 54, 93),
(21, 54, 94),
(21, 54, 95),
(21, 54, 96),
(21, 54, 99),
(21, 54, 100),
(21, 54, 101),
(21, 54, 104),
(21, 54, 105),
(21, 54, 106),
(21, 55, 93),
(21, 55, 94),
(21, 55, 95),
(21, 55, 96),
(21, 55, 99),
(21, 55, 100),
(21, 55, 101),
(21, 55, 104),
(21, 55, 105),
(21, 55, 106),
(21, 63, 93),
(21, 63, 94),
(21, 63, 95),
(21, 63, 96),
(21, 63, 99),
(21, 63, 100),
(21, 63, 101),
(21, 63, 104),
(21, 63, 105),
(21, 63, 106),
(21, 64, 93),
(21, 64, 94),
(21, 64, 95),
(21, 64, 96),
(21, 64, 99),
(21, 64, 100),
(21, 64, 101),
(21, 64, 104),
(21, 64, 105),
(21, 64, 106),
(21, 65, 93),
(21, 65, 94),
(21, 65, 95),
(21, 65, 96),
(21, 65, 99),
(21, 65, 100),
(21, 65, 101),
(21, 65, 104),
(21, 65, 105),
(21, 65, 106),
(21, 66, 93),
(21, 66, 94),
(21, 66, 95),
(21, 66, 96),
(21, 66, 99),
(21, 66, 100),
(21, 66, 101),
(21, 66, 104),
(21, 66, 105),
(21, 66, 106),
(21, 67, 93),
(21, 67, 94),
(21, 67, 95),
(21, 67, 96),
(21, 67, 99),
(21, 67, 100),
(21, 67, 101),
(21, 67, 104),
(21, 67, 105),
(21, 67, 106),
(21, 68, 93),
(21, 68, 94),
(21, 68, 95),
(21, 68, 96),
(21, 68, 99),
(21, 68, 100),
(21, 68, 101),
(21, 68, 104),
(21, 68, 105),
(21, 68, 106),
(21, 73, 93),
(21, 73, 94),
(21, 73, 95),
(21, 73, 96),
(21, 73, 99),
(21, 73, 100),
(21, 73, 101),
(21, 73, 104),
(21, 73, 105),
(21, 73, 106),
(21, 74, 93),
(21, 74, 94),
(21, 74, 95),
(21, 74, 96),
(21, 74, 99),
(21, 74, 100),
(21, 74, 101),
(21, 74, 104),
(21, 74, 105),
(21, 74, 106),
(21, 83, 93),
(21, 83, 94),
(21, 83, 95),
(21, 83, 96),
(21, 83, 99),
(21, 83, 100),
(21, 83, 101),
(21, 83, 104),
(21, 83, 105),
(21, 83, 106),
(21, 84, 93),
(21, 84, 94),
(21, 84, 95),
(21, 84, 96),
(21, 84, 99),
(21, 84, 100),
(21, 84, 101),
(21, 84, 104),
(21, 84, 105),
(21, 84, 106),
(22, 58, 93),
(22, 58, 94),
(22, 58, 95),
(22, 58, 96),
(22, 58, 99),
(22, 58, 100),
(22, 58, 101),
(22, 58, 104),
(22, 58, 105),
(22, 58, 106),
(22, 60, 93),
(22, 60, 94),
(22, 60, 95),
(22, 60, 96),
(22, 60, 99),
(22, 60, 100),
(22, 60, 101),
(22, 60, 104),
(22, 60, 105),
(22, 60, 106),
(22, 62, 93),
(22, 62, 94),
(22, 62, 95),
(22, 62, 96),
(22, 62, 99),
(22, 62, 100),
(22, 62, 101),
(22, 62, 104),
(22, 62, 105),
(22, 62, 106),
(22, 69, 93),
(22, 69, 94),
(22, 69, 95),
(22, 69, 96),
(22, 69, 99),
(22, 69, 100),
(22, 69, 101),
(22, 69, 104),
(22, 69, 105),
(22, 69, 106),
(22, 78, 93),
(22, 78, 94),
(22, 78, 95),
(22, 78, 96),
(22, 78, 99),
(22, 78, 100),
(22, 78, 101),
(22, 78, 104),
(22, 78, 105),
(22, 78, 106),
(22, 79, 93),
(22, 79, 94),
(22, 79, 95),
(22, 79, 96),
(22, 79, 99),
(22, 79, 100),
(22, 79, 101),
(22, 79, 104),
(22, 79, 105),
(22, 79, 106),
(22, 80, 93),
(22, 80, 94),
(22, 80, 95),
(22, 80, 96),
(22, 80, 99),
(22, 80, 100),
(22, 80, 101),
(22, 80, 104),
(22, 80, 105),
(22, 80, 106),
(22, 81, 93),
(22, 81, 94),
(22, 81, 95),
(22, 81, 96),
(22, 81, 99),
(22, 81, 100),
(22, 81, 101),
(22, 81, 104),
(22, 81, 105),
(22, 81, 106),
(22, 82, 93),
(22, 82, 94),
(22, 82, 95),
(22, 82, 96),
(22, 82, 99),
(22, 82, 100),
(22, 82, 101),
(22, 82, 104),
(22, 82, 105),
(22, 82, 106),
(23, 48, 93),
(23, 48, 94),
(23, 48, 95),
(23, 48, 96),
(23, 48, 99),
(23, 48, 100),
(23, 48, 101),
(23, 48, 104),
(23, 48, 105),
(23, 48, 106),
(23, 49, 93),
(23, 49, 94),
(23, 49, 95),
(23, 49, 96),
(23, 49, 99),
(23, 49, 100),
(23, 49, 101),
(23, 49, 104),
(23, 49, 105),
(23, 49, 106),
(23, 53, 93),
(23, 53, 94),
(23, 53, 95),
(23, 53, 96),
(23, 53, 99),
(23, 53, 100),
(23, 53, 101),
(23, 53, 104),
(23, 53, 105),
(23, 53, 106),
(23, 54, 93),
(23, 54, 94),
(23, 54, 95),
(23, 54, 96),
(23, 54, 99),
(23, 54, 100),
(23, 54, 101),
(23, 54, 104),
(23, 54, 105),
(23, 54, 106),
(23, 55, 93),
(23, 55, 94),
(23, 55, 95),
(23, 55, 96),
(23, 55, 99),
(23, 55, 100),
(23, 55, 101),
(23, 55, 104),
(23, 55, 105),
(23, 55, 106),
(23, 63, 93),
(23, 63, 94),
(23, 63, 95),
(23, 63, 96),
(23, 63, 99),
(23, 63, 100),
(23, 63, 101),
(23, 63, 104),
(23, 63, 105),
(23, 63, 106),
(23, 64, 93),
(23, 64, 94),
(23, 64, 95),
(23, 64, 96),
(23, 64, 99),
(23, 64, 100),
(23, 64, 101),
(23, 64, 104),
(23, 64, 105),
(23, 64, 106),
(23, 65, 93),
(23, 65, 94),
(23, 65, 95),
(23, 65, 96),
(23, 65, 99),
(23, 65, 100),
(23, 65, 101),
(23, 65, 104),
(23, 65, 105),
(23, 65, 106),
(23, 66, 93),
(23, 66, 94),
(23, 66, 95),
(23, 66, 96),
(23, 66, 99),
(23, 66, 100),
(23, 66, 101),
(23, 66, 104),
(23, 66, 105),
(23, 66, 106),
(23, 67, 93),
(23, 67, 94),
(23, 67, 95),
(23, 67, 96),
(23, 67, 99),
(23, 67, 100),
(23, 67, 101),
(23, 67, 104),
(23, 67, 105),
(23, 67, 106),
(23, 68, 93),
(23, 68, 94),
(23, 68, 95),
(23, 68, 96),
(23, 68, 99),
(23, 68, 100),
(23, 68, 101),
(23, 68, 104),
(23, 68, 105),
(23, 68, 106),
(23, 73, 93),
(23, 73, 94),
(23, 73, 95),
(23, 73, 96),
(23, 73, 99),
(23, 73, 100),
(23, 73, 101),
(23, 73, 104),
(23, 73, 105),
(23, 73, 106),
(23, 74, 93),
(23, 74, 94),
(23, 74, 95),
(23, 74, 96),
(23, 74, 99),
(23, 74, 100),
(23, 74, 101),
(23, 74, 104),
(23, 74, 105),
(23, 74, 106),
(23, 83, 93),
(23, 83, 94),
(23, 83, 95),
(23, 83, 96),
(23, 83, 99),
(23, 83, 100),
(23, 83, 101),
(23, 83, 104),
(23, 83, 105),
(23, 83, 106),
(23, 84, 93),
(23, 84, 94),
(23, 84, 95),
(23, 84, 96),
(23, 84, 99),
(23, 84, 100),
(23, 84, 101),
(23, 84, 104),
(23, 84, 105),
(23, 84, 106),
(24, 58, 93),
(24, 58, 94),
(24, 58, 95),
(24, 58, 96),
(24, 58, 99),
(24, 58, 100),
(24, 58, 101),
(24, 58, 104),
(24, 58, 105),
(24, 58, 106),
(24, 60, 93),
(24, 60, 94),
(24, 60, 95),
(24, 60, 96),
(24, 60, 99),
(24, 60, 100),
(24, 60, 101),
(24, 60, 104),
(24, 60, 105),
(24, 60, 106),
(24, 62, 93),
(24, 62, 94),
(24, 62, 95),
(24, 62, 96),
(24, 62, 99),
(24, 62, 100),
(24, 62, 101),
(24, 62, 104),
(24, 62, 105),
(24, 62, 106),
(24, 69, 93),
(24, 69, 94),
(24, 69, 95),
(24, 69, 96),
(24, 69, 99),
(24, 69, 100),
(24, 69, 101),
(24, 69, 104),
(24, 69, 105),
(24, 69, 106),
(24, 78, 93),
(24, 78, 94),
(24, 78, 95),
(24, 78, 96),
(24, 78, 99),
(24, 78, 100),
(24, 78, 101),
(24, 78, 104),
(24, 78, 105),
(24, 78, 106),
(24, 79, 93),
(24, 79, 94),
(24, 79, 95),
(24, 79, 96),
(24, 79, 99),
(24, 79, 100),
(24, 79, 101),
(24, 79, 104),
(24, 79, 105),
(24, 79, 106),
(24, 80, 93),
(24, 80, 94),
(24, 80, 95),
(24, 80, 96),
(24, 80, 99),
(24, 80, 100),
(24, 80, 101),
(24, 80, 104),
(24, 80, 105),
(24, 80, 106),
(24, 81, 93),
(24, 81, 94),
(24, 81, 95),
(24, 81, 96),
(24, 81, 99),
(24, 81, 100),
(24, 81, 101),
(24, 81, 104),
(24, 81, 105),
(24, 81, 106),
(24, 82, 93),
(24, 82, 94),
(24, 82, 95),
(24, 82, 96),
(24, 82, 99),
(24, 82, 100),
(24, 82, 101),
(24, 82, 104),
(24, 82, 105),
(24, 82, 106),
(25, 48, 93),
(25, 48, 94),
(25, 48, 95),
(25, 48, 96),
(25, 48, 99),
(25, 48, 100),
(25, 48, 101),
(25, 48, 104),
(25, 48, 105),
(25, 48, 106),
(25, 49, 93),
(25, 49, 94),
(25, 49, 95),
(25, 49, 96),
(25, 49, 99),
(25, 49, 100),
(25, 49, 101),
(25, 49, 104),
(25, 49, 105),
(25, 49, 106),
(25, 53, 93),
(25, 53, 94),
(25, 53, 95),
(25, 53, 96),
(25, 53, 99),
(25, 53, 100),
(25, 53, 101),
(25, 53, 104),
(25, 53, 105),
(25, 53, 106),
(25, 54, 93),
(25, 54, 94),
(25, 54, 95),
(25, 54, 96),
(25, 54, 99),
(25, 54, 100),
(25, 54, 101),
(25, 54, 104),
(25, 54, 105),
(25, 54, 106),
(25, 55, 93),
(25, 55, 94),
(25, 55, 95),
(25, 55, 96),
(25, 55, 99),
(25, 55, 100),
(25, 55, 101),
(25, 55, 104),
(25, 55, 105),
(25, 55, 106),
(25, 63, 93),
(25, 63, 94),
(25, 63, 95),
(25, 63, 96),
(25, 63, 99),
(25, 63, 100),
(25, 63, 101),
(25, 63, 104),
(25, 63, 105),
(25, 63, 106),
(25, 64, 93),
(25, 64, 94),
(25, 64, 95),
(25, 64, 96),
(25, 64, 99),
(25, 64, 100),
(25, 64, 101),
(25, 64, 104),
(25, 64, 105),
(25, 64, 106),
(25, 65, 93),
(25, 65, 94),
(25, 65, 95),
(25, 65, 96),
(25, 65, 99),
(25, 65, 100),
(25, 65, 101),
(25, 65, 104),
(25, 65, 105),
(25, 65, 106),
(25, 66, 93),
(25, 66, 94),
(25, 66, 95),
(25, 66, 96),
(25, 66, 99),
(25, 66, 100),
(25, 66, 101),
(25, 66, 104),
(25, 66, 105),
(25, 66, 106),
(25, 67, 93),
(25, 67, 94),
(25, 67, 95),
(25, 67, 96),
(25, 67, 99),
(25, 67, 100),
(25, 67, 101),
(25, 67, 104),
(25, 67, 105),
(25, 67, 106),
(25, 68, 93),
(25, 68, 94),
(25, 68, 95),
(25, 68, 96),
(25, 68, 99),
(25, 68, 100),
(25, 68, 101),
(25, 68, 104),
(25, 68, 105),
(25, 68, 106),
(25, 73, 93),
(25, 73, 94),
(25, 73, 95),
(25, 73, 96),
(25, 73, 99),
(25, 73, 100),
(25, 73, 101),
(25, 73, 104),
(25, 73, 105),
(25, 73, 106),
(25, 74, 93),
(25, 74, 94),
(25, 74, 95),
(25, 74, 96),
(25, 74, 99),
(25, 74, 100),
(25, 74, 101),
(25, 74, 104),
(25, 74, 105),
(25, 74, 106),
(25, 83, 93),
(25, 83, 94),
(25, 83, 95),
(25, 83, 96),
(25, 83, 99),
(25, 83, 100),
(25, 83, 101),
(25, 83, 104),
(25, 83, 105),
(25, 83, 106),
(25, 84, 93),
(25, 84, 94),
(25, 84, 95),
(25, 84, 96),
(25, 84, 99),
(25, 84, 100),
(25, 84, 101),
(25, 84, 104),
(25, 84, 105),
(25, 84, 106),
(26, 47, 97),
(26, 47, 98),
(26, 47, 102),
(26, 47, 103),
(26, 47, 107),
(26, 47, 108),
(26, 50, 97),
(26, 50, 98),
(26, 50, 102),
(26, 50, 103),
(26, 50, 107),
(26, 50, 108),
(26, 51, 93),
(26, 51, 94),
(26, 51, 95),
(26, 51, 96),
(26, 51, 99),
(26, 51, 100),
(26, 51, 101),
(26, 51, 104),
(26, 51, 105),
(26, 51, 106),
(26, 52, 97),
(26, 52, 98),
(26, 52, 102),
(26, 52, 103),
(26, 52, 107),
(26, 52, 108),
(26, 56, 97),
(26, 56, 98),
(26, 56, 102),
(26, 56, 103),
(26, 56, 107),
(26, 56, 108),
(26, 57, 97),
(26, 57, 98),
(26, 57, 102),
(26, 57, 103),
(26, 57, 107),
(26, 57, 108),
(26, 59, 93),
(26, 59, 94),
(26, 59, 95),
(26, 59, 96),
(26, 59, 99),
(26, 59, 100),
(26, 59, 101),
(26, 59, 104),
(26, 59, 105),
(26, 59, 106),
(26, 61, 93),
(26, 61, 94),
(26, 61, 95),
(26, 61, 96),
(26, 61, 99),
(26, 61, 100),
(26, 61, 101),
(26, 61, 104),
(26, 61, 105),
(26, 61, 106),
(26, 70, 93),
(26, 70, 94),
(26, 70, 95),
(26, 70, 96),
(26, 70, 99),
(26, 70, 100),
(26, 70, 101),
(26, 70, 104),
(26, 70, 105),
(26, 70, 106),
(26, 71, 93),
(26, 71, 94),
(26, 71, 95),
(26, 71, 96),
(26, 71, 99),
(26, 71, 100),
(26, 71, 101),
(26, 71, 104),
(26, 71, 105),
(26, 71, 106),
(26, 72, 93),
(26, 72, 94),
(26, 72, 95),
(26, 72, 96),
(26, 72, 99),
(26, 72, 100),
(26, 72, 101),
(26, 72, 104),
(26, 72, 105),
(26, 72, 106),
(26, 75, 97),
(26, 75, 98),
(26, 75, 102),
(26, 75, 103),
(26, 75, 107),
(26, 75, 108),
(26, 76, 97),
(26, 76, 98),
(26, 76, 102),
(26, 76, 103),
(26, 76, 107),
(26, 76, 108),
(26, 77, 97),
(26, 77, 98),
(26, 77, 102),
(26, 77, 103),
(26, 77, 107),
(26, 77, 108),
(27, 58, 93),
(27, 58, 94),
(27, 58, 95),
(27, 58, 96),
(27, 58, 99),
(27, 58, 100),
(27, 58, 101),
(27, 58, 104),
(27, 58, 105),
(27, 58, 106),
(27, 60, 93),
(27, 60, 94),
(27, 60, 95),
(27, 60, 96),
(27, 60, 99),
(27, 60, 100),
(27, 60, 101),
(27, 60, 104),
(27, 60, 105),
(27, 60, 106),
(27, 62, 93),
(27, 62, 94),
(27, 62, 95),
(27, 62, 96),
(27, 62, 99),
(27, 62, 100),
(27, 62, 101),
(27, 62, 104),
(27, 62, 105),
(27, 62, 106),
(27, 69, 93),
(27, 69, 94),
(27, 69, 95),
(27, 69, 96),
(27, 69, 99),
(27, 69, 100),
(27, 69, 101),
(27, 69, 104),
(27, 69, 105),
(27, 69, 106),
(27, 78, 93),
(27, 78, 94),
(27, 78, 95),
(27, 78, 96),
(27, 78, 99),
(27, 78, 100),
(27, 78, 101),
(27, 78, 104),
(27, 78, 105),
(27, 78, 106),
(27, 79, 93),
(27, 79, 94),
(27, 79, 95),
(27, 79, 96),
(27, 79, 99),
(27, 79, 100),
(27, 79, 101),
(27, 79, 104),
(27, 79, 105),
(27, 79, 106),
(27, 80, 93),
(27, 80, 94),
(27, 80, 95),
(27, 80, 96),
(27, 80, 99),
(27, 80, 100),
(27, 80, 101),
(27, 80, 104),
(27, 80, 105),
(27, 80, 106),
(27, 81, 93),
(27, 81, 94),
(27, 81, 95),
(27, 81, 96),
(27, 81, 99),
(27, 81, 100),
(27, 81, 101),
(27, 81, 104),
(27, 81, 105),
(27, 81, 106),
(27, 82, 93),
(27, 82, 94),
(27, 82, 95),
(27, 82, 96),
(27, 82, 99),
(27, 82, 100),
(27, 82, 101),
(27, 82, 104),
(27, 82, 105),
(27, 82, 106),
(28, 48, 93),
(28, 48, 94),
(28, 48, 95),
(28, 48, 96),
(28, 48, 99),
(28, 48, 100),
(28, 48, 101),
(28, 48, 104),
(28, 48, 105),
(28, 48, 106),
(28, 49, 93),
(28, 49, 94),
(28, 49, 95),
(28, 49, 96),
(28, 49, 99),
(28, 49, 100),
(28, 49, 101),
(28, 49, 104),
(28, 49, 105),
(28, 49, 106),
(28, 53, 93),
(28, 53, 94),
(28, 53, 95),
(28, 53, 96),
(28, 53, 99),
(28, 53, 100),
(28, 53, 101),
(28, 53, 104),
(28, 53, 105),
(28, 53, 106),
(28, 54, 93),
(28, 54, 94),
(28, 54, 95),
(28, 54, 96),
(28, 54, 99),
(28, 54, 100),
(28, 54, 101),
(28, 54, 104),
(28, 54, 105),
(28, 54, 106),
(28, 55, 93),
(28, 55, 94),
(28, 55, 95),
(28, 55, 96),
(28, 55, 99),
(28, 55, 100),
(28, 55, 101),
(28, 55, 104),
(28, 55, 105),
(28, 55, 106),
(28, 63, 93),
(28, 63, 94),
(28, 63, 95),
(28, 63, 96),
(28, 63, 99),
(28, 63, 100),
(28, 63, 101),
(28, 63, 104),
(28, 63, 105),
(28, 63, 106),
(28, 64, 93),
(28, 64, 94),
(28, 64, 95),
(28, 64, 96),
(28, 64, 99),
(28, 64, 100),
(28, 64, 101),
(28, 64, 104),
(28, 64, 105),
(28, 64, 106),
(28, 65, 93),
(28, 65, 94),
(28, 65, 95),
(28, 65, 96),
(28, 65, 99),
(28, 65, 100),
(28, 65, 101),
(28, 65, 104),
(28, 65, 105),
(28, 65, 106),
(28, 66, 93),
(28, 66, 94),
(28, 66, 95),
(28, 66, 96),
(28, 66, 99),
(28, 66, 100),
(28, 66, 101),
(28, 66, 104),
(28, 66, 105),
(28, 66, 106),
(28, 67, 93),
(28, 67, 94),
(28, 67, 95),
(28, 67, 96),
(28, 67, 99),
(28, 67, 100),
(28, 67, 101),
(28, 67, 104),
(28, 67, 105),
(28, 67, 106),
(28, 68, 93),
(28, 68, 94),
(28, 68, 95),
(28, 68, 96),
(28, 68, 99),
(28, 68, 100),
(28, 68, 101),
(28, 68, 104),
(28, 68, 105),
(28, 68, 106),
(28, 73, 93),
(28, 73, 94),
(28, 73, 95),
(28, 73, 96),
(28, 73, 99),
(28, 73, 100),
(28, 73, 101),
(28, 73, 104),
(28, 73, 105),
(28, 73, 106),
(28, 74, 93),
(28, 74, 94),
(28, 74, 95),
(28, 74, 96),
(28, 74, 99),
(28, 74, 100),
(28, 74, 101),
(28, 74, 104),
(28, 74, 105),
(28, 74, 106),
(28, 83, 93),
(28, 83, 94),
(28, 83, 95),
(28, 83, 96),
(28, 83, 99),
(28, 83, 100),
(28, 83, 101),
(28, 83, 104),
(28, 83, 105),
(28, 83, 106),
(28, 84, 93),
(28, 84, 94),
(28, 84, 95),
(28, 84, 96),
(28, 84, 99),
(28, 84, 100),
(28, 84, 101),
(28, 84, 104),
(28, 84, 105),
(28, 84, 106),
(29, 48, 93),
(29, 48, 94),
(29, 48, 95),
(29, 48, 96),
(29, 48, 99),
(29, 48, 100),
(29, 48, 101),
(29, 48, 104),
(29, 48, 105),
(29, 48, 106),
(29, 49, 93),
(29, 49, 94),
(29, 49, 95),
(29, 49, 96),
(29, 49, 99),
(29, 49, 100),
(29, 49, 101),
(29, 49, 104),
(29, 49, 105),
(29, 49, 106),
(29, 53, 93),
(29, 53, 94),
(29, 53, 95),
(29, 53, 96),
(29, 53, 99),
(29, 53, 100),
(29, 53, 101),
(29, 53, 104),
(29, 53, 105),
(29, 53, 106),
(29, 54, 93),
(29, 54, 94),
(29, 54, 95),
(29, 54, 96),
(29, 54, 99),
(29, 54, 100),
(29, 54, 101),
(29, 54, 104),
(29, 54, 105),
(29, 54, 106),
(29, 55, 93),
(29, 55, 94),
(29, 55, 95),
(29, 55, 96),
(29, 55, 99),
(29, 55, 100),
(29, 55, 101),
(29, 55, 104),
(29, 55, 105),
(29, 55, 106),
(29, 63, 93),
(29, 63, 94),
(29, 63, 95),
(29, 63, 96),
(29, 63, 99),
(29, 63, 100),
(29, 63, 101),
(29, 63, 104),
(29, 63, 105),
(29, 63, 106),
(29, 64, 93),
(29, 64, 94),
(29, 64, 95),
(29, 64, 96),
(29, 64, 99),
(29, 64, 100),
(29, 64, 101),
(29, 64, 104),
(29, 64, 105),
(29, 64, 106),
(29, 65, 93),
(29, 65, 94),
(29, 65, 95),
(29, 65, 96),
(29, 65, 99),
(29, 65, 100),
(29, 65, 101),
(29, 65, 104),
(29, 65, 105),
(29, 65, 106),
(29, 66, 93),
(29, 66, 94),
(29, 66, 95),
(29, 66, 96),
(29, 66, 99),
(29, 66, 100),
(29, 66, 101),
(29, 66, 104),
(29, 66, 105),
(29, 66, 106),
(29, 67, 93),
(29, 67, 94),
(29, 67, 95),
(29, 67, 96),
(29, 67, 99),
(29, 67, 100),
(29, 67, 101),
(29, 67, 104),
(29, 67, 105),
(29, 67, 106),
(29, 68, 93),
(29, 68, 94),
(29, 68, 95),
(29, 68, 96),
(29, 68, 99),
(29, 68, 100),
(29, 68, 101),
(29, 68, 104),
(29, 68, 105),
(29, 68, 106),
(29, 73, 93),
(29, 73, 94),
(29, 73, 95),
(29, 73, 96),
(29, 73, 99),
(29, 73, 100),
(29, 73, 101),
(29, 73, 104),
(29, 73, 105),
(29, 73, 106),
(29, 74, 93),
(29, 74, 94),
(29, 74, 95),
(29, 74, 96),
(29, 74, 99),
(29, 74, 100),
(29, 74, 101),
(29, 74, 104),
(29, 74, 105),
(29, 74, 106),
(29, 83, 93),
(29, 83, 94),
(29, 83, 95),
(29, 83, 96),
(29, 83, 99),
(29, 83, 100),
(29, 83, 101),
(29, 83, 104),
(29, 83, 105),
(29, 83, 106),
(29, 84, 93),
(29, 84, 94),
(29, 84, 95),
(29, 84, 96),
(29, 84, 99),
(29, 84, 100),
(29, 84, 101),
(29, 84, 104),
(29, 84, 105),
(29, 84, 106),
(30, 58, 93),
(30, 58, 94),
(30, 58, 95),
(30, 58, 96),
(30, 58, 99),
(30, 58, 100),
(30, 58, 101),
(30, 58, 104),
(30, 58, 105),
(30, 58, 106),
(30, 60, 93),
(30, 60, 94),
(30, 60, 95),
(30, 60, 96),
(30, 60, 99),
(30, 60, 100),
(30, 60, 101),
(30, 60, 104),
(30, 60, 105),
(30, 60, 106),
(30, 62, 93),
(30, 62, 94),
(30, 62, 95),
(30, 62, 96),
(30, 62, 99),
(30, 62, 100),
(30, 62, 101),
(30, 62, 104),
(30, 62, 105),
(30, 62, 106),
(30, 69, 93),
(30, 69, 94),
(30, 69, 95),
(30, 69, 96),
(30, 69, 99),
(30, 69, 100),
(30, 69, 101),
(30, 69, 104),
(30, 69, 105),
(30, 69, 106),
(30, 78, 93),
(30, 78, 94),
(30, 78, 95),
(30, 78, 96),
(30, 78, 99),
(30, 78, 100),
(30, 78, 101),
(30, 78, 104),
(30, 78, 105),
(30, 78, 106),
(30, 79, 93),
(30, 79, 94),
(30, 79, 95),
(30, 79, 96),
(30, 79, 99),
(30, 79, 100),
(30, 79, 101),
(30, 79, 104),
(30, 79, 105),
(30, 79, 106),
(30, 80, 93),
(30, 80, 94),
(30, 80, 95),
(30, 80, 96),
(30, 80, 99),
(30, 80, 100),
(30, 80, 101),
(30, 80, 104),
(30, 80, 105),
(30, 80, 106),
(30, 81, 93),
(30, 81, 94),
(30, 81, 95),
(30, 81, 96),
(30, 81, 99),
(30, 81, 100),
(30, 81, 101),
(30, 81, 104),
(30, 81, 105),
(30, 81, 106),
(30, 82, 93),
(30, 82, 94),
(30, 82, 95),
(30, 82, 96),
(30, 82, 99),
(30, 82, 100),
(30, 82, 101),
(30, 82, 104),
(30, 82, 105),
(30, 82, 106),
(31, 58, 93),
(31, 58, 94),
(31, 58, 95),
(31, 58, 96),
(31, 58, 99),
(31, 58, 100),
(31, 58, 101),
(31, 58, 104),
(31, 58, 105),
(31, 58, 106),
(31, 60, 93),
(31, 60, 94),
(31, 60, 95),
(31, 60, 96),
(31, 60, 99),
(31, 60, 100),
(31, 60, 101),
(31, 60, 104),
(31, 60, 105),
(31, 60, 106),
(31, 62, 93),
(31, 62, 94),
(31, 62, 95),
(31, 62, 96),
(31, 62, 99),
(31, 62, 100),
(31, 62, 101),
(31, 62, 104),
(31, 62, 105),
(31, 62, 106),
(31, 69, 93),
(31, 69, 94),
(31, 69, 95),
(31, 69, 96),
(31, 69, 99),
(31, 69, 100),
(31, 69, 101),
(31, 69, 104),
(31, 69, 105),
(31, 69, 106),
(31, 78, 93),
(31, 78, 94),
(31, 78, 95),
(31, 78, 96),
(31, 78, 99),
(31, 78, 100),
(31, 78, 101),
(31, 78, 104),
(31, 78, 105),
(31, 78, 106),
(31, 79, 93),
(31, 79, 94),
(31, 79, 95),
(31, 79, 96),
(31, 79, 99),
(31, 79, 100),
(31, 79, 101),
(31, 79, 104),
(31, 79, 105),
(31, 79, 106),
(31, 80, 93),
(31, 80, 94),
(31, 80, 95),
(31, 80, 96),
(31, 80, 99),
(31, 80, 100),
(31, 80, 101),
(31, 80, 104),
(31, 80, 105),
(31, 80, 106),
(31, 81, 93),
(31, 81, 94),
(31, 81, 95),
(31, 81, 96),
(31, 81, 99),
(31, 81, 100),
(31, 81, 101),
(31, 81, 104),
(31, 81, 105),
(31, 81, 106),
(31, 82, 93),
(31, 82, 94),
(31, 82, 95),
(31, 82, 96),
(31, 82, 99),
(31, 82, 100),
(31, 82, 101),
(31, 82, 104),
(31, 82, 105),
(31, 82, 106),
(32, 48, 93),
(32, 48, 94),
(32, 48, 95),
(32, 48, 96),
(32, 48, 99),
(32, 48, 100),
(32, 48, 101),
(32, 48, 104),
(32, 48, 105),
(32, 48, 106),
(32, 49, 93),
(32, 49, 94),
(32, 49, 95),
(32, 49, 96),
(32, 49, 99),
(32, 49, 100),
(32, 49, 101),
(32, 49, 104),
(32, 49, 105),
(32, 49, 106),
(32, 53, 93),
(32, 53, 94),
(32, 53, 95),
(32, 53, 96),
(32, 53, 99),
(32, 53, 100),
(32, 53, 101),
(32, 53, 104),
(32, 53, 105),
(32, 53, 106),
(32, 54, 93),
(32, 54, 94),
(32, 54, 95),
(32, 54, 96),
(32, 54, 99),
(32, 54, 100),
(32, 54, 101),
(32, 54, 104),
(32, 54, 105),
(32, 54, 106),
(32, 55, 93),
(32, 55, 94),
(32, 55, 95),
(32, 55, 96),
(32, 55, 99),
(32, 55, 100),
(32, 55, 101),
(32, 55, 104),
(32, 55, 105),
(32, 55, 106),
(32, 63, 93),
(32, 63, 94),
(32, 63, 95),
(32, 63, 96),
(32, 63, 99),
(32, 63, 100),
(32, 63, 101),
(32, 63, 104),
(32, 63, 105),
(32, 63, 106),
(32, 64, 93),
(32, 64, 94),
(32, 64, 95),
(32, 64, 96),
(32, 64, 99),
(32, 64, 100),
(32, 64, 101),
(32, 64, 104),
(32, 64, 105),
(32, 64, 106),
(32, 65, 93),
(32, 65, 94),
(32, 65, 95),
(32, 65, 96),
(32, 65, 99),
(32, 65, 100),
(32, 65, 101),
(32, 65, 104),
(32, 65, 105),
(32, 65, 106),
(32, 66, 93),
(32, 66, 94),
(32, 66, 95),
(32, 66, 96),
(32, 66, 99),
(32, 66, 100),
(32, 66, 101),
(32, 66, 104),
(32, 66, 105),
(32, 66, 106),
(32, 67, 93),
(32, 67, 94),
(32, 67, 95),
(32, 67, 96),
(32, 67, 99),
(32, 67, 100),
(32, 67, 101),
(32, 67, 104),
(32, 67, 105),
(32, 67, 106),
(32, 68, 93),
(32, 68, 94),
(32, 68, 95),
(32, 68, 96),
(32, 68, 99),
(32, 68, 100),
(32, 68, 101),
(32, 68, 104),
(32, 68, 105),
(32, 68, 106),
(32, 73, 93),
(32, 73, 94),
(32, 73, 95),
(32, 73, 96),
(32, 73, 99),
(32, 73, 100),
(32, 73, 101),
(32, 73, 104),
(32, 73, 105),
(32, 73, 106),
(32, 74, 93),
(32, 74, 94),
(32, 74, 95),
(32, 74, 96),
(32, 74, 99),
(32, 74, 100),
(32, 74, 101),
(32, 74, 104),
(32, 74, 105),
(32, 74, 106),
(32, 83, 93),
(32, 83, 94),
(32, 83, 95),
(32, 83, 96),
(32, 83, 99),
(32, 83, 100),
(32, 83, 101),
(32, 83, 104),
(32, 83, 105),
(32, 83, 106),
(32, 84, 93),
(32, 84, 94),
(32, 84, 95),
(32, 84, 96),
(32, 84, 99),
(32, 84, 100),
(32, 84, 101),
(32, 84, 104),
(32, 84, 105),
(32, 84, 106),
(33, 48, 93),
(33, 48, 94),
(33, 48, 95),
(33, 48, 96),
(33, 48, 99),
(33, 48, 100),
(33, 48, 101),
(33, 48, 104),
(33, 48, 105),
(33, 48, 106),
(33, 49, 93),
(33, 49, 94),
(33, 49, 95),
(33, 49, 96),
(33, 49, 99),
(33, 49, 100),
(33, 49, 101),
(33, 49, 104),
(33, 49, 105),
(33, 49, 106),
(33, 53, 93),
(33, 53, 94),
(33, 53, 95),
(33, 53, 96),
(33, 53, 99),
(33, 53, 100),
(33, 53, 101),
(33, 53, 104),
(33, 53, 105),
(33, 53, 106),
(33, 54, 93),
(33, 54, 94),
(33, 54, 95),
(33, 54, 96),
(33, 54, 99),
(33, 54, 100),
(33, 54, 101),
(33, 54, 104),
(33, 54, 105),
(33, 54, 106),
(33, 55, 93),
(33, 55, 94),
(33, 55, 95),
(33, 55, 96),
(33, 55, 99),
(33, 55, 100),
(33, 55, 101),
(33, 55, 104),
(33, 55, 105),
(33, 55, 106),
(33, 63, 93),
(33, 63, 94),
(33, 63, 95),
(33, 63, 96),
(33, 63, 99),
(33, 63, 100),
(33, 63, 101),
(33, 63, 104),
(33, 63, 105),
(33, 63, 106),
(33, 64, 93),
(33, 64, 94),
(33, 64, 95),
(33, 64, 96),
(33, 64, 99),
(33, 64, 100),
(33, 64, 101),
(33, 64, 104),
(33, 64, 105),
(33, 64, 106),
(33, 65, 93),
(33, 65, 94),
(33, 65, 95),
(33, 65, 96),
(33, 65, 99),
(33, 65, 100),
(33, 65, 101),
(33, 65, 104),
(33, 65, 105),
(33, 65, 106),
(33, 66, 93),
(33, 66, 94),
(33, 66, 95),
(33, 66, 96),
(33, 66, 99),
(33, 66, 100),
(33, 66, 101),
(33, 66, 104),
(33, 66, 105),
(33, 66, 106),
(33, 67, 93),
(33, 67, 94),
(33, 67, 95),
(33, 67, 96),
(33, 67, 99),
(33, 67, 100),
(33, 67, 101),
(33, 67, 104),
(33, 67, 105),
(33, 67, 106),
(33, 68, 93),
(33, 68, 94),
(33, 68, 95),
(33, 68, 96),
(33, 68, 99),
(33, 68, 100),
(33, 68, 101),
(33, 68, 104),
(33, 68, 105),
(33, 68, 106),
(33, 73, 93),
(33, 73, 94),
(33, 73, 95),
(33, 73, 96),
(33, 73, 99),
(33, 73, 100),
(33, 73, 101),
(33, 73, 104),
(33, 73, 105),
(33, 73, 106),
(33, 74, 93),
(33, 74, 94),
(33, 74, 95),
(33, 74, 96),
(33, 74, 99),
(33, 74, 100),
(33, 74, 101),
(33, 74, 104),
(33, 74, 105),
(33, 74, 106),
(33, 83, 93),
(33, 83, 94),
(33, 83, 95),
(33, 83, 96),
(33, 83, 99),
(33, 83, 100),
(33, 83, 101),
(33, 83, 104),
(33, 83, 105),
(33, 83, 106),
(33, 84, 93),
(33, 84, 94),
(33, 84, 95),
(33, 84, 96),
(33, 84, 99),
(33, 84, 100),
(33, 84, 101),
(33, 84, 104),
(33, 84, 105),
(33, 84, 106),
(34, 58, 93),
(34, 58, 94),
(34, 58, 95),
(34, 58, 96),
(34, 58, 99),
(34, 58, 100),
(34, 58, 101),
(34, 58, 104),
(34, 58, 105),
(34, 58, 106),
(34, 60, 93),
(34, 60, 94),
(34, 60, 95),
(34, 60, 96),
(34, 60, 99),
(34, 60, 100),
(34, 60, 101),
(34, 60, 104),
(34, 60, 105),
(34, 60, 106),
(34, 62, 93),
(34, 62, 94),
(34, 62, 95),
(34, 62, 96),
(34, 62, 99),
(34, 62, 100),
(34, 62, 101),
(34, 62, 104),
(34, 62, 105),
(34, 62, 106),
(34, 69, 93),
(34, 69, 94),
(34, 69, 95),
(34, 69, 96),
(34, 69, 99),
(34, 69, 100),
(34, 69, 101),
(34, 69, 104),
(34, 69, 105),
(34, 69, 106),
(34, 78, 93),
(34, 78, 94),
(34, 78, 95),
(34, 78, 96),
(34, 78, 99),
(34, 78, 100),
(34, 78, 101),
(34, 78, 104),
(34, 78, 105),
(34, 78, 106),
(34, 79, 93),
(34, 79, 94),
(34, 79, 95),
(34, 79, 96),
(34, 79, 99),
(34, 79, 100),
(34, 79, 101),
(34, 79, 104),
(34, 79, 105),
(34, 79, 106),
(34, 80, 93),
(34, 80, 94),
(34, 80, 95),
(34, 80, 96),
(34, 80, 99),
(34, 80, 100),
(34, 80, 101),
(34, 80, 104),
(34, 80, 105),
(34, 80, 106),
(34, 81, 93),
(34, 81, 94),
(34, 81, 95),
(34, 81, 96),
(34, 81, 99),
(34, 81, 100),
(34, 81, 101),
(34, 81, 104),
(34, 81, 105),
(34, 81, 106),
(34, 82, 93),
(34, 82, 94),
(34, 82, 95),
(34, 82, 96),
(34, 82, 99),
(34, 82, 100),
(34, 82, 101),
(34, 82, 104),
(34, 82, 105),
(34, 82, 106),
(35, 48, 93),
(35, 48, 94),
(35, 48, 95),
(35, 48, 96),
(35, 48, 99),
(35, 48, 100),
(35, 48, 101),
(35, 48, 104),
(35, 48, 105),
(35, 48, 106),
(35, 49, 93),
(35, 49, 94),
(35, 49, 95),
(35, 49, 96),
(35, 49, 99),
(35, 49, 100),
(35, 49, 101),
(35, 49, 104),
(35, 49, 105),
(35, 49, 106),
(35, 53, 93),
(35, 53, 94),
(35, 53, 95),
(35, 53, 96),
(35, 53, 99),
(35, 53, 100),
(35, 53, 101),
(35, 53, 104),
(35, 53, 105),
(35, 53, 106),
(35, 54, 93),
(35, 54, 94),
(35, 54, 95),
(35, 54, 96),
(35, 54, 99),
(35, 54, 100),
(35, 54, 101),
(35, 54, 104),
(35, 54, 105),
(35, 54, 106),
(35, 55, 93),
(35, 55, 94),
(35, 55, 95),
(35, 55, 96),
(35, 55, 99),
(35, 55, 100),
(35, 55, 101),
(35, 55, 104),
(35, 55, 105),
(35, 55, 106),
(35, 63, 93),
(35, 63, 94),
(35, 63, 95),
(35, 63, 96),
(35, 63, 99),
(35, 63, 100),
(35, 63, 101),
(35, 63, 104),
(35, 63, 105),
(35, 63, 106),
(35, 64, 93),
(35, 64, 94),
(35, 64, 95),
(35, 64, 96),
(35, 64, 99),
(35, 64, 100),
(35, 64, 101),
(35, 64, 104),
(35, 64, 105),
(35, 64, 106),
(35, 65, 93),
(35, 65, 94),
(35, 65, 95),
(35, 65, 96),
(35, 65, 99),
(35, 65, 100),
(35, 65, 101),
(35, 65, 104),
(35, 65, 105),
(35, 65, 106),
(35, 66, 93),
(35, 66, 94),
(35, 66, 95),
(35, 66, 96),
(35, 66, 99),
(35, 66, 100),
(35, 66, 101),
(35, 66, 104),
(35, 66, 105),
(35, 66, 106),
(35, 67, 93),
(35, 67, 94),
(35, 67, 95),
(35, 67, 96),
(35, 67, 99),
(35, 67, 100),
(35, 67, 101),
(35, 67, 104),
(35, 67, 105),
(35, 67, 106),
(35, 68, 93),
(35, 68, 94),
(35, 68, 95),
(35, 68, 96),
(35, 68, 99),
(35, 68, 100),
(35, 68, 101),
(35, 68, 104),
(35, 68, 105),
(35, 68, 106),
(35, 73, 93),
(35, 73, 94),
(35, 73, 95),
(35, 73, 96),
(35, 73, 99),
(35, 73, 100),
(35, 73, 101),
(35, 73, 104),
(35, 73, 105),
(35, 73, 106),
(35, 74, 93),
(35, 74, 94),
(35, 74, 95),
(35, 74, 96),
(35, 74, 99),
(35, 74, 100),
(35, 74, 101),
(35, 74, 104),
(35, 74, 105),
(35, 74, 106),
(35, 83, 93),
(35, 83, 94),
(35, 83, 95),
(35, 83, 96),
(35, 83, 99),
(35, 83, 100),
(35, 83, 101),
(35, 83, 104),
(35, 83, 105),
(35, 83, 106),
(35, 84, 93),
(35, 84, 94),
(35, 84, 95),
(35, 84, 96),
(35, 84, 99),
(35, 84, 100),
(35, 84, 101),
(35, 84, 104),
(35, 84, 105),
(35, 84, 106),
(36, 58, 93),
(36, 58, 94),
(36, 58, 95),
(36, 58, 96),
(36, 58, 99),
(36, 58, 100),
(36, 58, 101),
(36, 58, 104),
(36, 58, 105),
(36, 58, 106),
(36, 60, 93),
(36, 60, 94),
(36, 60, 95),
(36, 60, 96),
(36, 60, 99),
(36, 60, 100),
(36, 60, 101),
(36, 60, 104),
(36, 60, 105),
(36, 60, 106),
(36, 62, 93),
(36, 62, 94),
(36, 62, 95),
(36, 62, 96),
(36, 62, 99),
(36, 62, 100),
(36, 62, 101),
(36, 62, 104),
(36, 62, 105),
(36, 62, 106),
(36, 69, 93),
(36, 69, 94),
(36, 69, 95),
(36, 69, 96),
(36, 69, 99),
(36, 69, 100),
(36, 69, 101),
(36, 69, 104),
(36, 69, 105),
(36, 69, 106),
(36, 78, 93),
(36, 78, 94),
(36, 78, 95),
(36, 78, 96),
(36, 78, 99),
(36, 78, 100),
(36, 78, 101),
(36, 78, 104),
(36, 78, 105),
(36, 78, 106),
(36, 79, 93),
(36, 79, 94),
(36, 79, 95),
(36, 79, 96),
(36, 79, 99),
(36, 79, 100),
(36, 79, 101),
(36, 79, 104),
(36, 79, 105),
(36, 79, 106),
(36, 80, 93),
(36, 80, 94),
(36, 80, 95),
(36, 80, 96),
(36, 80, 99),
(36, 80, 100),
(36, 80, 101),
(36, 80, 104),
(36, 80, 105),
(36, 80, 106),
(36, 81, 93),
(36, 81, 94),
(36, 81, 95),
(36, 81, 96),
(36, 81, 99),
(36, 81, 100),
(36, 81, 101),
(36, 81, 104),
(36, 81, 105),
(36, 81, 106),
(36, 82, 93),
(36, 82, 94),
(36, 82, 95),
(36, 82, 96),
(36, 82, 99),
(36, 82, 100),
(36, 82, 101),
(36, 82, 104),
(36, 82, 105),
(36, 82, 106),
(37, 48, 93),
(37, 48, 94),
(37, 48, 95),
(37, 48, 96),
(37, 48, 99),
(37, 48, 100),
(37, 48, 101),
(37, 48, 104),
(37, 48, 105),
(37, 48, 106),
(37, 49, 93),
(37, 49, 94),
(37, 49, 95),
(37, 49, 96),
(37, 49, 99),
(37, 49, 100),
(37, 49, 101),
(37, 49, 104),
(37, 49, 105),
(37, 49, 106),
(37, 53, 93),
(37, 53, 94),
(37, 53, 95),
(37, 53, 96),
(37, 53, 99),
(37, 53, 100),
(37, 53, 101),
(37, 53, 104),
(37, 53, 105),
(37, 53, 106),
(37, 54, 93),
(37, 54, 94),
(37, 54, 95),
(37, 54, 96),
(37, 54, 99),
(37, 54, 100),
(37, 54, 101),
(37, 54, 104),
(37, 54, 105),
(37, 54, 106),
(37, 55, 93),
(37, 55, 94),
(37, 55, 95),
(37, 55, 96),
(37, 55, 99),
(37, 55, 100),
(37, 55, 101),
(37, 55, 104),
(37, 55, 105),
(37, 55, 106),
(37, 63, 93),
(37, 63, 94),
(37, 63, 95),
(37, 63, 96),
(37, 63, 99),
(37, 63, 100),
(37, 63, 101),
(37, 63, 104),
(37, 63, 105),
(37, 63, 106),
(37, 64, 93),
(37, 64, 94),
(37, 64, 95),
(37, 64, 96),
(37, 64, 99),
(37, 64, 100),
(37, 64, 101),
(37, 64, 104),
(37, 64, 105),
(37, 64, 106),
(37, 65, 93),
(37, 65, 94),
(37, 65, 95),
(37, 65, 96),
(37, 65, 99),
(37, 65, 100),
(37, 65, 101),
(37, 65, 104),
(37, 65, 105),
(37, 65, 106),
(37, 66, 93),
(37, 66, 94),
(37, 66, 95),
(37, 66, 96),
(37, 66, 99),
(37, 66, 100),
(37, 66, 101),
(37, 66, 104),
(37, 66, 105),
(37, 66, 106),
(37, 67, 93),
(37, 67, 94),
(37, 67, 95),
(37, 67, 96),
(37, 67, 99),
(37, 67, 100),
(37, 67, 101),
(37, 67, 104),
(37, 67, 105),
(37, 67, 106),
(37, 68, 93),
(37, 68, 94),
(37, 68, 95),
(37, 68, 96),
(37, 68, 99),
(37, 68, 100),
(37, 68, 101),
(37, 68, 104),
(37, 68, 105),
(37, 68, 106),
(37, 73, 93),
(37, 73, 94),
(37, 73, 95),
(37, 73, 96),
(37, 73, 99),
(37, 73, 100),
(37, 73, 101),
(37, 73, 104),
(37, 73, 105),
(37, 73, 106),
(37, 74, 93),
(37, 74, 94),
(37, 74, 95),
(37, 74, 96),
(37, 74, 99),
(37, 74, 100),
(37, 74, 101),
(37, 74, 104),
(37, 74, 105),
(37, 74, 106),
(37, 83, 93),
(37, 83, 94),
(37, 83, 95),
(37, 83, 96),
(37, 83, 99),
(37, 83, 100),
(37, 83, 101),
(37, 83, 104),
(37, 83, 105),
(37, 83, 106),
(37, 84, 93),
(37, 84, 94),
(37, 84, 95),
(37, 84, 96),
(37, 84, 99),
(37, 84, 100),
(37, 84, 101),
(37, 84, 104),
(37, 84, 105),
(37, 84, 106),
(38, 58, 93),
(38, 58, 94),
(38, 58, 95),
(38, 58, 96),
(38, 58, 99),
(38, 58, 100),
(38, 58, 101),
(38, 58, 104),
(38, 58, 105),
(38, 58, 106),
(38, 60, 93),
(38, 60, 94),
(38, 60, 95),
(38, 60, 96),
(38, 60, 99),
(38, 60, 100),
(38, 60, 101),
(38, 60, 104),
(38, 60, 105),
(38, 60, 106),
(38, 62, 93),
(38, 62, 94),
(38, 62, 95),
(38, 62, 96),
(38, 62, 99),
(38, 62, 100),
(38, 62, 101),
(38, 62, 104),
(38, 62, 105),
(38, 62, 106),
(38, 69, 93),
(38, 69, 94),
(38, 69, 95),
(38, 69, 96),
(38, 69, 99),
(38, 69, 100),
(38, 69, 101),
(38, 69, 104),
(38, 69, 105),
(38, 69, 106),
(38, 78, 93),
(38, 78, 94),
(38, 78, 95),
(38, 78, 96),
(38, 78, 99),
(38, 78, 100),
(38, 78, 101),
(38, 78, 104),
(38, 78, 105),
(38, 78, 106),
(38, 79, 93),
(38, 79, 94),
(38, 79, 95),
(38, 79, 96),
(38, 79, 99),
(38, 79, 100),
(38, 79, 101),
(38, 79, 104),
(38, 79, 105),
(38, 79, 106),
(38, 80, 93),
(38, 80, 94),
(38, 80, 95),
(38, 80, 96),
(38, 80, 99),
(38, 80, 100),
(38, 80, 101),
(38, 80, 104),
(38, 80, 105),
(38, 80, 106),
(38, 81, 93),
(38, 81, 94),
(38, 81, 95),
(38, 81, 96),
(38, 81, 99),
(38, 81, 100),
(38, 81, 101),
(38, 81, 104),
(38, 81, 105),
(38, 81, 106),
(38, 82, 93),
(38, 82, 94),
(38, 82, 95),
(38, 82, 96),
(38, 82, 99),
(38, 82, 100),
(38, 82, 101),
(38, 82, 104),
(38, 82, 105),
(38, 82, 106),
(39, 48, 93),
(39, 48, 94),
(39, 48, 95),
(39, 48, 96),
(39, 48, 99),
(39, 48, 100),
(39, 48, 101),
(39, 48, 104),
(39, 48, 105),
(39, 48, 106),
(39, 49, 93),
(39, 49, 94),
(39, 49, 95),
(39, 49, 96),
(39, 49, 99),
(39, 49, 100),
(39, 49, 101),
(39, 49, 104),
(39, 49, 105),
(39, 49, 106),
(39, 53, 93),
(39, 53, 94),
(39, 53, 95),
(39, 53, 96),
(39, 53, 99),
(39, 53, 100),
(39, 53, 101),
(39, 53, 104),
(39, 53, 105),
(39, 53, 106),
(39, 54, 93),
(39, 54, 94),
(39, 54, 95),
(39, 54, 96),
(39, 54, 99),
(39, 54, 100),
(39, 54, 101),
(39, 54, 104),
(39, 54, 105),
(39, 54, 106),
(39, 55, 93),
(39, 55, 94),
(39, 55, 95),
(39, 55, 96),
(39, 55, 99),
(39, 55, 100),
(39, 55, 101),
(39, 55, 104),
(39, 55, 105),
(39, 55, 106),
(39, 63, 93),
(39, 63, 94),
(39, 63, 95),
(39, 63, 96),
(39, 63, 99),
(39, 63, 100),
(39, 63, 101),
(39, 63, 104),
(39, 63, 105),
(39, 63, 106),
(39, 64, 93),
(39, 64, 94),
(39, 64, 95),
(39, 64, 96),
(39, 64, 99),
(39, 64, 100),
(39, 64, 101),
(39, 64, 104),
(39, 64, 105),
(39, 64, 106),
(39, 65, 93),
(39, 65, 94),
(39, 65, 95),
(39, 65, 96),
(39, 65, 99),
(39, 65, 100),
(39, 65, 101),
(39, 65, 104),
(39, 65, 105),
(39, 65, 106),
(39, 66, 93),
(39, 66, 94),
(39, 66, 95),
(39, 66, 96),
(39, 66, 99),
(39, 66, 100),
(39, 66, 101),
(39, 66, 104),
(39, 66, 105),
(39, 66, 106),
(39, 67, 93),
(39, 67, 94),
(39, 67, 95),
(39, 67, 96),
(39, 67, 99),
(39, 67, 100),
(39, 67, 101),
(39, 67, 104),
(39, 67, 105),
(39, 67, 106),
(39, 68, 93),
(39, 68, 94),
(39, 68, 95),
(39, 68, 96),
(39, 68, 99),
(39, 68, 100),
(39, 68, 101),
(39, 68, 104),
(39, 68, 105),
(39, 68, 106),
(39, 73, 93),
(39, 73, 94),
(39, 73, 95),
(39, 73, 96),
(39, 73, 99),
(39, 73, 100),
(39, 73, 101),
(39, 73, 104),
(39, 73, 105),
(39, 73, 106),
(39, 74, 93),
(39, 74, 94),
(39, 74, 95),
(39, 74, 96),
(39, 74, 99),
(39, 74, 100),
(39, 74, 101),
(39, 74, 104),
(39, 74, 105),
(39, 74, 106),
(39, 83, 93),
(39, 83, 94),
(39, 83, 95),
(39, 83, 96),
(39, 83, 99),
(39, 83, 100),
(39, 83, 101),
(39, 83, 104),
(39, 83, 105),
(39, 83, 106),
(39, 84, 93),
(39, 84, 94),
(39, 84, 95),
(39, 84, 96),
(39, 84, 99),
(39, 84, 100),
(39, 84, 101),
(39, 84, 104),
(39, 84, 105),
(39, 84, 106),
(40, 48, 93),
(40, 48, 94),
(40, 48, 95),
(40, 48, 96),
(40, 48, 99),
(40, 48, 100),
(40, 48, 101),
(40, 48, 104),
(40, 48, 105),
(40, 48, 106),
(40, 49, 93),
(40, 49, 94),
(40, 49, 95),
(40, 49, 96),
(40, 49, 99),
(40, 49, 100),
(40, 49, 101),
(40, 49, 104),
(40, 49, 105),
(40, 49, 106),
(40, 53, 93),
(40, 53, 94),
(40, 53, 95),
(40, 53, 96),
(40, 53, 99),
(40, 53, 100),
(40, 53, 101),
(40, 53, 104),
(40, 53, 105),
(40, 53, 106),
(40, 54, 93),
(40, 54, 94),
(40, 54, 95),
(40, 54, 96),
(40, 54, 99),
(40, 54, 100),
(40, 54, 101),
(40, 54, 104),
(40, 54, 105),
(40, 54, 106),
(40, 55, 93),
(40, 55, 94),
(40, 55, 95),
(40, 55, 96),
(40, 55, 99),
(40, 55, 100),
(40, 55, 101),
(40, 55, 104),
(40, 55, 105),
(40, 55, 106),
(40, 63, 93),
(40, 63, 94),
(40, 63, 95),
(40, 63, 96),
(40, 63, 99),
(40, 63, 100),
(40, 63, 101),
(40, 63, 104),
(40, 63, 105),
(40, 63, 106),
(40, 64, 93),
(40, 64, 94),
(40, 64, 95),
(40, 64, 96),
(40, 64, 99),
(40, 64, 100),
(40, 64, 101),
(40, 64, 104),
(40, 64, 105),
(40, 64, 106),
(40, 65, 93),
(40, 65, 94),
(40, 65, 95),
(40, 65, 96),
(40, 65, 99),
(40, 65, 100),
(40, 65, 101),
(40, 65, 104),
(40, 65, 105),
(40, 65, 106),
(40, 66, 93),
(40, 66, 94),
(40, 66, 95),
(40, 66, 96),
(40, 66, 99),
(40, 66, 100),
(40, 66, 101),
(40, 66, 104),
(40, 66, 105),
(40, 66, 106),
(40, 67, 93),
(40, 67, 94),
(40, 67, 95),
(40, 67, 96),
(40, 67, 99),
(40, 67, 100),
(40, 67, 101),
(40, 67, 104),
(40, 67, 105),
(40, 67, 106),
(40, 68, 93),
(40, 68, 94),
(40, 68, 95),
(40, 68, 96),
(40, 68, 99),
(40, 68, 100),
(40, 68, 101),
(40, 68, 104),
(40, 68, 105),
(40, 68, 106),
(40, 73, 93),
(40, 73, 94),
(40, 73, 95),
(40, 73, 96),
(40, 73, 99),
(40, 73, 100),
(40, 73, 101),
(40, 73, 104),
(40, 73, 105),
(40, 73, 106),
(40, 74, 93),
(40, 74, 94),
(40, 74, 95),
(40, 74, 96),
(40, 74, 99),
(40, 74, 100),
(40, 74, 101),
(40, 74, 104),
(40, 74, 105),
(40, 74, 106),
(40, 83, 93),
(40, 83, 94),
(40, 83, 95),
(40, 83, 96),
(40, 83, 99),
(40, 83, 100),
(40, 83, 101),
(40, 83, 104),
(40, 83, 105),
(40, 83, 106),
(40, 84, 93),
(40, 84, 94),
(40, 84, 95),
(40, 84, 96),
(40, 84, 99),
(40, 84, 100),
(40, 84, 101),
(40, 84, 104),
(40, 84, 105),
(40, 84, 106),
(41, 47, 97),
(41, 47, 98),
(41, 47, 102),
(41, 47, 103),
(41, 47, 107),
(41, 47, 108),
(41, 50, 97),
(41, 50, 98),
(41, 50, 102),
(41, 50, 103),
(41, 50, 107),
(41, 50, 108),
(41, 51, 93),
(41, 51, 94),
(41, 51, 95),
(41, 51, 96),
(41, 51, 99),
(41, 51, 100),
(41, 51, 101),
(41, 51, 104),
(41, 51, 105),
(41, 51, 106),
(41, 52, 97),
(41, 52, 98),
(41, 52, 102),
(41, 52, 103),
(41, 52, 107),
(41, 52, 108),
(41, 56, 97),
(41, 56, 98),
(41, 56, 102),
(41, 56, 103),
(41, 56, 107),
(41, 56, 108),
(41, 57, 97),
(41, 57, 98),
(41, 57, 102),
(41, 57, 103),
(41, 57, 107),
(41, 57, 108),
(41, 59, 93),
(41, 59, 94),
(41, 59, 95),
(41, 59, 96),
(41, 59, 99),
(41, 59, 100),
(41, 59, 101),
(41, 59, 104),
(41, 59, 105),
(41, 59, 106),
(41, 61, 93),
(41, 61, 94),
(41, 61, 95),
(41, 61, 96),
(41, 61, 99),
(41, 61, 100),
(41, 61, 101),
(41, 61, 104),
(41, 61, 105),
(41, 61, 106),
(41, 70, 93),
(41, 70, 94),
(41, 70, 95),
(41, 70, 96),
(41, 70, 99),
(41, 70, 100),
(41, 70, 101),
(41, 70, 104),
(41, 70, 105),
(41, 70, 106),
(41, 71, 93),
(41, 71, 94),
(41, 71, 95),
(41, 71, 96),
(41, 71, 99),
(41, 71, 100),
(41, 71, 101),
(41, 71, 104),
(41, 71, 105),
(41, 71, 106),
(41, 72, 93),
(41, 72, 94),
(41, 72, 95),
(41, 72, 96),
(41, 72, 99),
(41, 72, 100),
(41, 72, 101),
(41, 72, 104),
(41, 72, 105),
(41, 72, 106),
(41, 75, 97),
(41, 75, 98),
(41, 75, 102),
(41, 75, 103),
(41, 75, 107),
(41, 75, 108),
(41, 76, 97),
(41, 76, 98),
(41, 76, 102),
(41, 76, 103),
(41, 76, 107),
(41, 76, 108),
(41, 77, 97),
(41, 77, 98),
(41, 77, 102),
(41, 77, 103),
(41, 77, 107),
(41, 77, 108),
(42, 47, 97),
(42, 47, 98),
(42, 47, 102),
(42, 47, 103),
(42, 47, 107),
(42, 47, 108),
(42, 50, 97),
(42, 50, 98),
(42, 50, 102),
(42, 50, 103),
(42, 50, 107),
(42, 50, 108),
(42, 51, 93),
(42, 51, 94),
(42, 51, 95),
(42, 51, 96),
(42, 51, 99),
(42, 51, 100),
(42, 51, 101),
(42, 51, 104),
(42, 51, 105),
(42, 51, 106),
(42, 52, 97),
(42, 52, 98),
(42, 52, 102),
(42, 52, 103),
(42, 52, 107),
(42, 52, 108),
(42, 56, 97),
(42, 56, 98),
(42, 56, 102),
(42, 56, 103),
(42, 56, 107),
(42, 56, 108),
(42, 57, 97),
(42, 57, 98),
(42, 57, 102),
(42, 57, 103),
(42, 57, 107),
(42, 57, 108),
(42, 59, 93),
(42, 59, 94),
(42, 59, 95),
(42, 59, 96),
(42, 59, 99),
(42, 59, 100),
(42, 59, 101),
(42, 59, 104),
(42, 59, 105),
(42, 59, 106);
INSERT INTO `compatibility_check` (`cpu_id`, `motherboard_id`, `ram_id`) VALUES
(42, 61, 93),
(42, 61, 94),
(42, 61, 95),
(42, 61, 96),
(42, 61, 99),
(42, 61, 100),
(42, 61, 101),
(42, 61, 104),
(42, 61, 105),
(42, 61, 106),
(42, 70, 93),
(42, 70, 94),
(42, 70, 95),
(42, 70, 96),
(42, 70, 99),
(42, 70, 100),
(42, 70, 101),
(42, 70, 104),
(42, 70, 105),
(42, 70, 106),
(42, 71, 93),
(42, 71, 94),
(42, 71, 95),
(42, 71, 96),
(42, 71, 99),
(42, 71, 100),
(42, 71, 101),
(42, 71, 104),
(42, 71, 105),
(42, 71, 106),
(42, 72, 93),
(42, 72, 94),
(42, 72, 95),
(42, 72, 96),
(42, 72, 99),
(42, 72, 100),
(42, 72, 101),
(42, 72, 104),
(42, 72, 105),
(42, 72, 106),
(42, 75, 97),
(42, 75, 98),
(42, 75, 102),
(42, 75, 103),
(42, 75, 107),
(42, 75, 108),
(42, 76, 97),
(42, 76, 98),
(42, 76, 102),
(42, 76, 103),
(42, 76, 107),
(42, 76, 108),
(42, 77, 97),
(42, 77, 98),
(42, 77, 102),
(42, 77, 103),
(42, 77, 107),
(42, 77, 108),
(43, 48, 93),
(43, 48, 94),
(43, 48, 95),
(43, 48, 96),
(43, 48, 99),
(43, 48, 100),
(43, 48, 101),
(43, 48, 104),
(43, 48, 105),
(43, 48, 106),
(43, 49, 93),
(43, 49, 94),
(43, 49, 95),
(43, 49, 96),
(43, 49, 99),
(43, 49, 100),
(43, 49, 101),
(43, 49, 104),
(43, 49, 105),
(43, 49, 106),
(43, 53, 93),
(43, 53, 94),
(43, 53, 95),
(43, 53, 96),
(43, 53, 99),
(43, 53, 100),
(43, 53, 101),
(43, 53, 104),
(43, 53, 105),
(43, 53, 106),
(43, 54, 93),
(43, 54, 94),
(43, 54, 95),
(43, 54, 96),
(43, 54, 99),
(43, 54, 100),
(43, 54, 101),
(43, 54, 104),
(43, 54, 105),
(43, 54, 106),
(43, 55, 93),
(43, 55, 94),
(43, 55, 95),
(43, 55, 96),
(43, 55, 99),
(43, 55, 100),
(43, 55, 101),
(43, 55, 104),
(43, 55, 105),
(43, 55, 106),
(43, 63, 93),
(43, 63, 94),
(43, 63, 95),
(43, 63, 96),
(43, 63, 99),
(43, 63, 100),
(43, 63, 101),
(43, 63, 104),
(43, 63, 105),
(43, 63, 106),
(43, 64, 93),
(43, 64, 94),
(43, 64, 95),
(43, 64, 96),
(43, 64, 99),
(43, 64, 100),
(43, 64, 101),
(43, 64, 104),
(43, 64, 105),
(43, 64, 106),
(43, 65, 93),
(43, 65, 94),
(43, 65, 95),
(43, 65, 96),
(43, 65, 99),
(43, 65, 100),
(43, 65, 101),
(43, 65, 104),
(43, 65, 105),
(43, 65, 106),
(43, 66, 93),
(43, 66, 94),
(43, 66, 95),
(43, 66, 96),
(43, 66, 99),
(43, 66, 100),
(43, 66, 101),
(43, 66, 104),
(43, 66, 105),
(43, 66, 106),
(43, 67, 93),
(43, 67, 94),
(43, 67, 95),
(43, 67, 96),
(43, 67, 99),
(43, 67, 100),
(43, 67, 101),
(43, 67, 104),
(43, 67, 105),
(43, 67, 106),
(43, 68, 93),
(43, 68, 94),
(43, 68, 95),
(43, 68, 96),
(43, 68, 99),
(43, 68, 100),
(43, 68, 101),
(43, 68, 104),
(43, 68, 105),
(43, 68, 106),
(43, 73, 93),
(43, 73, 94),
(43, 73, 95),
(43, 73, 96),
(43, 73, 99),
(43, 73, 100),
(43, 73, 101),
(43, 73, 104),
(43, 73, 105),
(43, 73, 106),
(43, 74, 93),
(43, 74, 94),
(43, 74, 95),
(43, 74, 96),
(43, 74, 99),
(43, 74, 100),
(43, 74, 101),
(43, 74, 104),
(43, 74, 105),
(43, 74, 106),
(43, 83, 93),
(43, 83, 94),
(43, 83, 95),
(43, 83, 96),
(43, 83, 99),
(43, 83, 100),
(43, 83, 101),
(43, 83, 104),
(43, 83, 105),
(43, 83, 106),
(43, 84, 93),
(43, 84, 94),
(43, 84, 95),
(43, 84, 96),
(43, 84, 99),
(43, 84, 100),
(43, 84, 101),
(43, 84, 104),
(43, 84, 105),
(43, 84, 106),
(44, 48, 93),
(44, 48, 94),
(44, 48, 95),
(44, 48, 96),
(44, 48, 99),
(44, 48, 100),
(44, 48, 101),
(44, 48, 104),
(44, 48, 105),
(44, 48, 106),
(44, 49, 93),
(44, 49, 94),
(44, 49, 95),
(44, 49, 96),
(44, 49, 99),
(44, 49, 100),
(44, 49, 101),
(44, 49, 104),
(44, 49, 105),
(44, 49, 106),
(44, 53, 93),
(44, 53, 94),
(44, 53, 95),
(44, 53, 96),
(44, 53, 99),
(44, 53, 100),
(44, 53, 101),
(44, 53, 104),
(44, 53, 105),
(44, 53, 106),
(44, 54, 93),
(44, 54, 94),
(44, 54, 95),
(44, 54, 96),
(44, 54, 99),
(44, 54, 100),
(44, 54, 101),
(44, 54, 104),
(44, 54, 105),
(44, 54, 106),
(44, 55, 93),
(44, 55, 94),
(44, 55, 95),
(44, 55, 96),
(44, 55, 99),
(44, 55, 100),
(44, 55, 101),
(44, 55, 104),
(44, 55, 105),
(44, 55, 106),
(44, 63, 93),
(44, 63, 94),
(44, 63, 95),
(44, 63, 96),
(44, 63, 99),
(44, 63, 100),
(44, 63, 101),
(44, 63, 104),
(44, 63, 105),
(44, 63, 106),
(44, 64, 93),
(44, 64, 94),
(44, 64, 95),
(44, 64, 96),
(44, 64, 99),
(44, 64, 100),
(44, 64, 101),
(44, 64, 104),
(44, 64, 105),
(44, 64, 106),
(44, 65, 93),
(44, 65, 94),
(44, 65, 95),
(44, 65, 96),
(44, 65, 99),
(44, 65, 100),
(44, 65, 101),
(44, 65, 104),
(44, 65, 105),
(44, 65, 106),
(44, 66, 93),
(44, 66, 94),
(44, 66, 95),
(44, 66, 96),
(44, 66, 99),
(44, 66, 100),
(44, 66, 101),
(44, 66, 104),
(44, 66, 105),
(44, 66, 106),
(44, 67, 93),
(44, 67, 94),
(44, 67, 95),
(44, 67, 96),
(44, 67, 99),
(44, 67, 100),
(44, 67, 101),
(44, 67, 104),
(44, 67, 105),
(44, 67, 106),
(44, 68, 93),
(44, 68, 94),
(44, 68, 95),
(44, 68, 96),
(44, 68, 99),
(44, 68, 100),
(44, 68, 101),
(44, 68, 104),
(44, 68, 105),
(44, 68, 106),
(44, 73, 93),
(44, 73, 94),
(44, 73, 95),
(44, 73, 96),
(44, 73, 99),
(44, 73, 100),
(44, 73, 101),
(44, 73, 104),
(44, 73, 105),
(44, 73, 106),
(44, 74, 93),
(44, 74, 94),
(44, 74, 95),
(44, 74, 96),
(44, 74, 99),
(44, 74, 100),
(44, 74, 101),
(44, 74, 104),
(44, 74, 105),
(44, 74, 106),
(44, 83, 93),
(44, 83, 94),
(44, 83, 95),
(44, 83, 96),
(44, 83, 99),
(44, 83, 100),
(44, 83, 101),
(44, 83, 104),
(44, 83, 105),
(44, 83, 106),
(44, 84, 93),
(44, 84, 94),
(44, 84, 95),
(44, 84, 96),
(44, 84, 99),
(44, 84, 100),
(44, 84, 101),
(44, 84, 104),
(44, 84, 105),
(44, 84, 106),
(45, 47, 97),
(45, 47, 98),
(45, 47, 102),
(45, 47, 103),
(45, 47, 107),
(45, 47, 108),
(45, 50, 97),
(45, 50, 98),
(45, 50, 102),
(45, 50, 103),
(45, 50, 107),
(45, 50, 108),
(45, 51, 93),
(45, 51, 94),
(45, 51, 95),
(45, 51, 96),
(45, 51, 99),
(45, 51, 100),
(45, 51, 101),
(45, 51, 104),
(45, 51, 105),
(45, 51, 106),
(45, 52, 97),
(45, 52, 98),
(45, 52, 102),
(45, 52, 103),
(45, 52, 107),
(45, 52, 108),
(45, 56, 97),
(45, 56, 98),
(45, 56, 102),
(45, 56, 103),
(45, 56, 107),
(45, 56, 108),
(45, 57, 97),
(45, 57, 98),
(45, 57, 102),
(45, 57, 103),
(45, 57, 107),
(45, 57, 108),
(45, 59, 93),
(45, 59, 94),
(45, 59, 95),
(45, 59, 96),
(45, 59, 99),
(45, 59, 100),
(45, 59, 101),
(45, 59, 104),
(45, 59, 105),
(45, 59, 106),
(45, 61, 93),
(45, 61, 94),
(45, 61, 95),
(45, 61, 96),
(45, 61, 99),
(45, 61, 100),
(45, 61, 101),
(45, 61, 104),
(45, 61, 105),
(45, 61, 106),
(45, 70, 93),
(45, 70, 94),
(45, 70, 95),
(45, 70, 96),
(45, 70, 99),
(45, 70, 100),
(45, 70, 101),
(45, 70, 104),
(45, 70, 105),
(45, 70, 106),
(45, 71, 93),
(45, 71, 94),
(45, 71, 95),
(45, 71, 96),
(45, 71, 99),
(45, 71, 100),
(45, 71, 101),
(45, 71, 104),
(45, 71, 105),
(45, 71, 106),
(45, 72, 93),
(45, 72, 94),
(45, 72, 95),
(45, 72, 96),
(45, 72, 99),
(45, 72, 100),
(45, 72, 101),
(45, 72, 104),
(45, 72, 105),
(45, 72, 106),
(45, 75, 97),
(45, 75, 98),
(45, 75, 102),
(45, 75, 103),
(45, 75, 107),
(45, 75, 108),
(45, 76, 97),
(45, 76, 98),
(45, 76, 102),
(45, 76, 103),
(45, 76, 107),
(45, 76, 108),
(45, 77, 97),
(45, 77, 98),
(45, 77, 102),
(45, 77, 103),
(45, 77, 107),
(45, 77, 108),
(46, 48, 93),
(46, 48, 94),
(46, 48, 95),
(46, 48, 96),
(46, 48, 99),
(46, 48, 100),
(46, 48, 101),
(46, 48, 104),
(46, 48, 105),
(46, 48, 106),
(46, 49, 93),
(46, 49, 94),
(46, 49, 95),
(46, 49, 96),
(46, 49, 99),
(46, 49, 100),
(46, 49, 101),
(46, 49, 104),
(46, 49, 105),
(46, 49, 106),
(46, 53, 93),
(46, 53, 94),
(46, 53, 95),
(46, 53, 96),
(46, 53, 99),
(46, 53, 100),
(46, 53, 101),
(46, 53, 104),
(46, 53, 105),
(46, 53, 106),
(46, 54, 93),
(46, 54, 94),
(46, 54, 95),
(46, 54, 96),
(46, 54, 99),
(46, 54, 100),
(46, 54, 101),
(46, 54, 104),
(46, 54, 105),
(46, 54, 106),
(46, 55, 93),
(46, 55, 94),
(46, 55, 95),
(46, 55, 96),
(46, 55, 99),
(46, 55, 100),
(46, 55, 101),
(46, 55, 104),
(46, 55, 105),
(46, 55, 106),
(46, 63, 93),
(46, 63, 94),
(46, 63, 95),
(46, 63, 96),
(46, 63, 99),
(46, 63, 100),
(46, 63, 101),
(46, 63, 104),
(46, 63, 105),
(46, 63, 106),
(46, 64, 93),
(46, 64, 94),
(46, 64, 95),
(46, 64, 96),
(46, 64, 99),
(46, 64, 100),
(46, 64, 101),
(46, 64, 104),
(46, 64, 105),
(46, 64, 106),
(46, 65, 93),
(46, 65, 94),
(46, 65, 95),
(46, 65, 96),
(46, 65, 99),
(46, 65, 100),
(46, 65, 101),
(46, 65, 104),
(46, 65, 105),
(46, 65, 106),
(46, 66, 93),
(46, 66, 94),
(46, 66, 95),
(46, 66, 96),
(46, 66, 99),
(46, 66, 100),
(46, 66, 101),
(46, 66, 104),
(46, 66, 105),
(46, 66, 106),
(46, 67, 93),
(46, 67, 94),
(46, 67, 95),
(46, 67, 96),
(46, 67, 99),
(46, 67, 100),
(46, 67, 101),
(46, 67, 104),
(46, 67, 105),
(46, 67, 106),
(46, 68, 93),
(46, 68, 94),
(46, 68, 95),
(46, 68, 96),
(46, 68, 99),
(46, 68, 100),
(46, 68, 101),
(46, 68, 104),
(46, 68, 105),
(46, 68, 106),
(46, 73, 93),
(46, 73, 94),
(46, 73, 95),
(46, 73, 96),
(46, 73, 99),
(46, 73, 100),
(46, 73, 101),
(46, 73, 104),
(46, 73, 105),
(46, 73, 106),
(46, 74, 93),
(46, 74, 94),
(46, 74, 95),
(46, 74, 96),
(46, 74, 99),
(46, 74, 100),
(46, 74, 101),
(46, 74, 104),
(46, 74, 105),
(46, 74, 106),
(46, 83, 93),
(46, 83, 94),
(46, 83, 95),
(46, 83, 96),
(46, 83, 99),
(46, 83, 100),
(46, 83, 101),
(46, 83, 104),
(46, 83, 105),
(46, 83, 106),
(46, 84, 93),
(46, 84, 94),
(46, 84, 95),
(46, 84, 96),
(46, 84, 99),
(46, 84, 100),
(46, 84, 101),
(46, 84, 104),
(46, 84, 105),
(46, 84, 106),
(182, 48, 97),
(182, 48, 98),
(182, 48, 103),
(182, 48, 107),
(182, 48, 108),
(182, 49, 97),
(182, 49, 98),
(182, 49, 103),
(182, 49, 107),
(182, 49, 108),
(182, 54, 97),
(182, 54, 98),
(182, 54, 103),
(182, 54, 107),
(182, 54, 108),
(182, 55, 97),
(182, 55, 98),
(182, 55, 103),
(182, 55, 107),
(182, 55, 108),
(182, 64, 97),
(182, 64, 98),
(182, 64, 103),
(182, 64, 107),
(182, 64, 108),
(182, 81, 97),
(182, 81, 98),
(182, 81, 103),
(182, 81, 107),
(182, 81, 108),
(182, 89, 97),
(182, 89, 98),
(182, 89, 103),
(182, 89, 107),
(182, 89, 108),
(182, 90, 97),
(182, 90, 98),
(182, 90, 103),
(182, 90, 107),
(182, 90, 108),
(182, 91, 97),
(182, 91, 98),
(182, 91, 103),
(182, 91, 107),
(182, 91, 108),
(182, 92, 97),
(182, 92, 98),
(182, 92, 103),
(182, 92, 107),
(182, 92, 108);

-- --------------------------------------------------------

--
-- Table structure for table `component`
--

CREATE TABLE `component` (
  `component_id` int(11) NOT NULL,
  `category_id` int(11) NOT NULL,
  `manufacturer_id` int(11) NOT NULL,
  `name` varchar(255) NOT NULL,
  `model` varchar(255) DEFAULT NULL,
  `price` decimal(10,2) DEFAULT NULL,
  `stock` int(11) DEFAULT 0,
  `vendor_link` varchar(300) DEFAULT NULL,
  `socket_type` varchar(50) DEFAULT NULL,
  `ram_type` varchar(10) DEFAULT NULL
) ENGINE=InnoDB DEFAULT CHARSET=utf8mb4 COLLATE=utf8mb4_general_ci;

--
-- Dumping data for table `component`
--

INSERT INTO `component` (`component_id`, `category_id`, `manufacturer_id`, `name`, `model`, `price`, `stock`, `vendor_link`, `socket_type`, `ram_type`) VALUES
(1, 1, 1, 'Intel Core i9-12900K', 'BX8071512900K', 539.99, 10, 'https://intel.com/i9-12900k', 'LGA1700', NULL),
(2, 1, 1, 'Intel Core i7-12700K', 'BX8071512700K', 399.99, 15, 'https://intel.com/i7-12700k', 'LGA1700', NULL),
(3, 1, 1, 'Intel Core i5-12600K', 'BX8071512600K', 289.99, 20, 'https://intel.com/i5-12600k', 'LGA1700', NULL),
(4, 1, 1, 'Intel Core i3-12100F', 'BX8071512100F', 109.99, 25, 'https://intel.com/i3-12100f', 'LGA1700', NULL),
(5, 1, 1, 'Intel Core i9-13900K', 'BX8071513900K', 599.99, 6, 'https://intel.com/i9-13900k', 'LGA1851', NULL),
(6, 1, 1, 'Intel Core i7-13700K', 'BX8071513700K', 429.99, 7, 'https://intel.com/i7-13700k', 'LGA1851', NULL),
(7, 1, 1, 'Intel Core i5-13600K', 'BX8071513600K', 319.99, 10, 'https://intel.com/i5-13600k', 'LGA1851', ''),
(8, 1, 1, 'Intel Core i9-10900K', 'BX8071510900K', 450.00, 5, 'https://intel.com/i9-10900k', 'LGA151', NULL),
(9, 1, 1, 'Intel Core i7-10700K', 'BX8071510700K', 350.00, 8, 'https://intel.com/i7-10700k', 'LGA151', NULL),
(10, 1, 1, 'Intel Core i5-10600K', 'BX8071510600K', 260.00, 15, 'https://intel.com/i5-10600k', 'LGA151', NULL),
(11, 1, 2, 'AMD Ryzen 9 5950X', '100-100000059WOF', 699.99, 8, 'https://amd.com/ryzen9-5950x', 'AM4', NULL),
(12, 1, 2, 'AMD Ryzen 7 5800X', '100-100000063WOF', 349.99, 20, 'https://amd.com/ryzen7-5800x', 'AM4', NULL),
(13, 1, 2, 'AMD Ryzen 5 5600X', '100-100000063WOF', 229.99, 25, 'https://amd.com/ryzen5-5600x', 'AM4', NULL),
(14, 1, 2, 'AMD Ryzen 3 3300X', '100-100000059WOF', 120.00, 18, 'https://amd.com/ryzen3-3300x', 'AM4', NULL),
(15, 1, 2, 'AMD Ryzen 9 7950X', '100-100000281WOF', 699.99, 5, 'https://amd.com/ryzen9-7950x', 'AM5', NULL),
(16, 1, 2, 'AMD Ryzen 7 7700X', '100-100000063WOF', 349.99, 8, 'https://amd.com/ryzen7-7700x', 'AM5', NULL),
(17, 1, 2, 'AMD Ryzen 5 7600X', '100-100000063WOF', 229.99, 12, 'https://amd.com/ryzen5-7600x', 'AM5', NULL),
(18, 1, 2, 'AMD Ryzen 3 7300X', '100-100000063WOF', 120.00, 15, 'https://amd.com/ryzen3-7300x', 'AM5', NULL),
(19, 1, 1, 'Intel Core i5-12400F', 'BX8071512400F', 180.00, 12, 'https://intel.com/i5-12400f', 'LGA1700', NULL),
(20, 1, 2, 'AMD Ryzen 5 5500', '100-100000063WOF', 159.99, 10, 'https://amd.com/ryzen5-5500', 'AM4', NULL),
(21, 1, 2, 'AMD Ryzen 7 5700G', '100-100000059WOF', 299.99, 7, 'https://amd.com/ryzen7-5700g', 'AM4', NULL),
(22, 1, 1, 'Intel Core i7-11700K', 'BX8071511700K', 399.99, 9, 'https://intel.com/i7-11700k', 'LGA1200', NULL),
(23, 1, 2, 'AMD Ryzen 5 3600', '100-100000059WOF', 199.99, 10, 'https://amd.com/ryzen5-3600', 'AM4', NULL),
(24, 1, 1, 'Intel Core i3-10100F', 'BX8070010100F', 90.00, 15, 'https://intel.com/i3-10100f', 'LGA1200', NULL),
(25, 1, 2, 'AMD Ryzen 5 2600', '100-100000026WOF', 120.00, 20, 'https://amd.com/ryzen5-2600', 'AM4', NULL),
(26, 1, 1, 'Intel Pentium Gold G6600', 'BX8070110200', 60.00, 22, 'https://intel.com/g6600', 'LGA1700', NULL),
(27, 1, 1, 'Intel Celeron G5900', 'BX8070110300', 50.00, 25, 'https://intel.com/g5900', 'LGA1200', NULL),
(28, 1, 2, 'AMD Athlon 3000G', '100-100000015WOF', 55.00, 30, 'https://amd.com/athlon-3000g', 'AM4', NULL),
(29, 1, 2, 'AMD Ryzen 7 3700X', '100-100000071WOF', 329.99, 11, 'https://amd.com/ryzen7-3700x', 'AM4', NULL),
(30, 1, 1, 'Intel Core i9-10900KF', 'BX8071510900KF', 480.00, 5, 'https://intel.com/i9-10900kf', 'LGA1200', NULL),
(31, 1, 1, 'Intel Core i7-10700F', 'BX8071510700F', 320.00, 10, 'https://intel.com/i7-10700f', 'LGA1200', NULL),
(32, 1, 2, 'AMD Ryzen 5 5600G', '100-100000063WOF', 259.99, 14, 'https://amd.com/ryzen5-5600g', 'AM4', NULL),
(33, 1, 2, 'AMD Ryzen 9 3900X', '100-100000071WOF', 399.99, 9, 'https://amd.com/ryzen9-3900x', 'AM4', NULL),
(34, 1, 1, 'Intel Core i9-11900K', 'BX8071511900K', 539.99, 7, 'https://intel.com/i9-11900k', 'LGA1200', NULL),
(35, 1, 2, 'AMD Ryzen 7 3800X', '100-100000071WOF', 399.99, 8, 'https://amd.com/ryzen7-3800x', 'AM4', NULL),
(36, 1, 1, 'Intel Core i5-11400F', 'BX8071511400F', 180.00, 14, 'https://intel.com/i5-11400f', 'LGA1200', NULL),
(37, 1, 2, 'AMD Ryzen 5 4600G', '100-100000063WOF', 200.00, 15, 'https://amd.com/ryzen5-4600g', 'AM4', NULL),
(38, 1, 1, 'Intel Core i3-11100', 'BX8071511100', 110.00, 20, 'https://intel.com/i3-11100', 'LGA1200', NULL),
(39, 1, 2, 'AMD Ryzen 3 3100', '100-100000063WOF', 120.00, 18, 'https://amd.com/ryzen3-3100', 'AM4', NULL),
(40, 1, 2, 'AMD Ryzen 7 5700X', '100-100000063WOF', 299.99, 12, 'https://amd.com/ryzen7-5700x', 'AM4', NULL),
(41, 1, 1, 'Intel Core i7-12700', 'BX8071512700', 379.99, 10, 'https://intel.com/i7-12700', 'LGA1700', NULL),
(42, 1, 1, 'Intel Core i9-12900', 'BX8071512900', 529.99, 8, 'https://intel.com/i9-12900', 'LGA1700', NULL),
(43, 1, 2, 'AMD Ryzen 9 5900X', '100-100000063WOF', 549.99, 7, 'https://amd.com/ryzen9-5900x', 'AM4', NULL),
(44, 1, 2, 'AMD Ryzen 5 5600', '100-100000063WOF', 199.99, 15, 'https://amd.com/ryzen5-5600', 'AM4', NULL),
(45, 1, 1, 'Intel Core i5-12500', 'BX8071512500', 220.00, 14, 'https://intel.com/i5-12500', 'LGA1700', NULL),
(46, 1, 2, 'AMD Ryzen 3 5300G', '100-100000063WOF', 150.00, 20, 'https://amd.com/ryzen3-5300g', 'AM4', NULL),
(47, 2, 3, 'ASUS ROG STRIX Z690-E', 'ROG-STRIX-Z690-E', 399.99, 12, 'https://asus.com/rog-strix-z690-e', 'LGA1700', 'DDR5'),
(48, 2, 4, 'MSI MAG B550 TOMAHAWK', 'B550-TOMAHAWK', 179.99, 20, 'https://msi.com/b550-tomahawk', 'AM4', 'DDR4'),
(49, 2, 14, 'Gigabyte X570 AORUS ELITE', 'X570-AORUS-ELITE', 219.99, 15, 'https://gigabyte.com/x570-aorus-elite', 'AM4', 'DDR4'),
(50, 2, 15, 'ASRock Z790 Extreme', 'Z790-EXTREME', 329.99, 10, 'https://asrock.com/z790-extreme', 'LGA1700', 'DDR5'),
(51, 2, 3, 'ASUS PRIME B660-PLUS', 'PRIME-B660-PLUS', 139.99, 18, 'https://asus.com/prime-b660-plus', 'LGA1700', 'DDR4'),
(52, 2, 4, 'MSI PRO Z690-A', 'PRO-Z690-A', 189.99, 12, 'https://msi.com/pro-z690-a', 'LGA1700', 'DDR5'),
(53, 2, 14, 'Gigabyte B550 AORUS PRO', 'B550-AORUS-PRO', 199.99, 10, 'https://gigabyte.com/b550-aorus-pro', 'AM4', 'DDR4'),
(54, 2, 15, 'ASRock B550 Phantom Gaming', 'B550-PHANTOM-GAMING', 169.99, 20, 'https://asrock.com/b550-phantom-gaming', 'AM4', 'DDR4'),
(55, 2, 3, 'ASUS TUF Gaming X570-Plus', 'TUF-GAMING-X570-PLUS', 189.99, 25, 'https://asus.com/tuf-gaming-x570-plus', 'AM4', 'DDR4'),
(56, 2, 4, 'MSI MPG Z690 Carbon', 'MPG-Z690-CARBON', 399.99, 8, 'https://msi.com/mpg-z690-carbon', 'LGA1700', 'DDR5'),
(57, 2, 14, 'Gigabyte Z690 AORUS Master', 'Z690-AORUS-MASTER', 499.99, 7, 'https://gigabyte.com/z690-aorus-master', 'LGA1700', 'DDR5'),
(58, 2, 15, 'ASRock Z590 Taichi', 'Z590-TAICHI', 349.99, 9, 'https://asrock.com/z590-taichi', 'LGA1200', 'DDR4'),
(59, 2, 3, 'ASUS ROG STRIX B660-F Gaming WiFi', 'ROG-STRIX-B660-F', 219.99, 15, 'https://asus.com/rog-strix-b660-f', 'LGA1700', 'DDR4'),
(60, 2, 4, 'MSI MAG Z590 Tomahawk', 'Z590-TOMAHAWK', 219.99, 14, 'https://msi.com/z590-tomahawk', 'LGA1200', 'DDR4'),
(61, 2, 14, 'Gigabyte B660M DS3H', 'B660M-DS3H', 139.99, 20, 'https://gigabyte.com/b660m-ds3h', 'LGA1700', 'DDR4'),
(62, 2, 15, 'ASRock B460 Steel Legend', 'B460-STEEL-LEGEND', 129.99, 18, 'https://asrock.com/b460-steel-legend', 'LGA1200', 'DDR4'),
(63, 2, 3, 'ASUS ROG Crosshair VIII Dark Hero', 'CROSSHAIR-VIII-DARK-HERO', 449.99, 6, 'https://asus.com/rog-crosshair-viii-dark-hero', 'AM4', 'DDR4'),
(64, 2, 4, 'MSI MEG X570 Unify', 'X570-UNIFY', 299.99, 10, 'https://msi.com/x570-unify', 'AM4', 'DDR4'),
(65, 2, 14, 'Gigabyte X470 AORUS Ultra Gaming', 'X470-AORUS-ULTRA', 159.99, 22, 'https://gigabyte.com/x470-aorus-ultra', 'AM4', 'DDR4'),
(66, 2, 15, 'ASRock X570 Phantom Gaming X', 'X570-PHANTOM-GAMING-X', 269.99, 12, 'https://asrock.com/x570-phantom-gaming-x', 'AM4', 'DDR4'),
(67, 2, 3, 'ASUS PRIME X570-P', 'PRIME-X570-P', 189.99, 20, 'https://asus.com/prime-x570-p', 'AM4', 'DDR4'),
(68, 2, 4, 'MSI B450 TOMAHAWK MAX', 'B450-TOMAHAWK-MAX', 114.99, 30, 'https://msi.com/b450-tomahawk-max', 'AM4', 'DDR4'),
(69, 2, 14, 'Gigabyte Z590 AORUS Elite AX', 'Z590-AORUS-ELITE-AX', 239.99, 15, 'https://gigabyte.com/z590-aorus-elite-ax', 'LGA1200', 'DDR4'),
(70, 2, 15, 'ASRock Z690 Steel Legend', 'Z690-STEEL-LEGEND', 249.99, 13, 'https://asrock.com/z690-steel-legend', 'LGA1700', 'DDR4'),
(71, 2, 3, 'ASUS TUF Gaming B660-PLUS WiFi D4', 'TUF-GAMING-B660-PLUS-WIFI-D4', 159.99, 20, 'https://asus.com/tuf-gaming-b660-plus-wifi-d4', 'LGA1700', 'DDR4'),
(72, 2, 4, 'MSI MAG B660M Mortar WiFi DDR4', 'B660M-MORTAR-WIFI', 149.99, 22, 'https://msi.com/b660m-mortar-wifi', 'LGA1700', 'DDR4'),
(73, 2, 14, 'Gigabyte B450 AORUS M', 'B450-AORUS-M', 109.99, 25, 'https://gigabyte.com/b450-aorus-m', 'AM4', 'DDR4'),
(74, 2, 15, 'ASRock B550M Steel Legend', 'B550M-STEEL-LEGEND', 129.99, 20, 'https://asrock.com/b550m-steel-legend', 'AM4', 'DDR4'),
(75, 2, 3, 'ASUS ROG Maximus Z690 Hero', 'MAXIMUS-Z690-HERO', 499.99, 7, 'https://asus.com/rog-maximus-z690-hero', 'LGA1700', 'DDR5'),
(76, 2, 4, 'MSI MEG Z690 Ace', 'Z690-ACE', 499.99, 5, 'https://msi.com/z690-ace', 'LGA1700', 'DDR5'),
(77, 2, 14, 'Gigabyte Z690 Vision D', 'Z690-VISION-D', 349.99, 8, 'https://gigabyte.com/z690-vision-d', 'LGA1700', 'DDR5'),
(78, 2, 15, 'ASRock Z490 Taichi', 'Z490-TAICHI', 329.99, 10, 'https://asrock.com/z490-taichi', 'LGA1200', 'DDR4'),
(79, 2, 3, 'ASUS Prime Z590-A', 'PRIME-Z590-A', 219.99, 15, 'https://asus.com/prime-z590-a', 'LGA1200', 'DDR4'),
(80, 2, 4, 'MSI B560M PRO-VDH WiFi', 'B560M-PRO-VDH-WIFI', 109.99, 20, 'https://msi.com/b560m-pro-vdh-wifi', 'LGA1200', 'DDR4'),
(81, 2, 14, 'Gigabyte B560M Aorus Pro', 'B560M-AORUS-PRO', 139.99, 18, 'https://gigabyte.com/b560m-aorus-pro', 'LGA1200', 'DDR4'),
(82, 2, 15, 'ASRock B460M Pro4', 'B460M-PRO4', 99.99, 25, 'https://asrock.com/b460m-pro4', 'LGA1200', 'DDR4'),
(83, 2, 3, 'ASUS ROG STRIX B450-F Gaming', 'ROG-STRIX-B450-F', 119.99, 30, 'https://asus.com/rog-strix-b450-f', 'AM4', 'DDR4'),
(84, 2, 4, 'MSI MPG B550 Gaming Edge WiFi', 'B550-GAMING-EDGE-WIFI', 189.99, 20, 'https://msi.com/b550-gaming-edge-wifi', 'AM4', 'DDR4'),
(85, 2, 14, 'Gigabyte X399 AORUS Pro', 'X399-AORUS-PRO', 239.99, 5, 'https://gigabyte.com/x399-aorus-pro', 'TR4', 'DDR4'),
(86, 2, 15, 'ASRock TRX40 Taichi', 'TRX40-TAICHI', 449.99, 4, 'https://asrock.com/trx40-taichi', 'sTRX4', 'DDR4'),
(87, 2, 3, 'ASUS Prime TRX40-Pro', 'PRIME-TRX40-PRO', 399.99, 6, 'https://asus.com/prime-trx40-pro', 'sTRX4', 'DDR4'),
(88, 2, 4, 'MSI MEG X399 Creation', 'X399-CREATION', 399.99, 7, 'https://msi.com/x399-creation', 'TR4', 'DDR4'),
(89, 2, 14, 'Gigabyte B650 AORUS Elite AX', 'B650-AORUS-ELITE-AX', 199.99, 12, 'https://gigabyte.com/b650-aorus-elite-ax', 'AM5', 'DDR5'),
(90, 2, 15, 'ASRock B650E Steel Legend', 'B650E-STEEL-LEGEND', 209.99, 10, 'https://asrock.com/b650e-steel-legend', 'AM5', 'DDR5'),
(91, 2, 3, 'ASUS ROG Crosshair X670E Hero', 'CROSSHAIR-X670E-HERO', 599.99, 8, 'https://asus.com/rog-crosshair-x670e-hero', 'AM5', 'DDR5'),
(92, 2, 4, 'MSI MPG X670E Carbon WiFi', 'X670E-CARBON-WIFI', 499.99, 9, 'https://msi.com/mpg-x670e-carbon-wifi', 'AM5', 'DDR5'),
(93, 3, 5, 'Corsair Vengeance LPX 16GB', 'Vengeance LPX 16GB DDR4-3200', 79.99, 30, 'https://corsair.com/vengeance-lpx-ddr4-16gb', NULL, 'DDR4'),
(94, 3, 5, 'Corsair Dominator Platinum 32GB', 'Dominator Platinum DDR4-3600', 189.99, 20, 'https://corsair.com/dominator-platinum-ddr4-32gb', NULL, 'DDR4'),
(95, 3, 6, 'Kingston Fury Beast 16GB', 'Fury Beast DDR4-3200', 74.99, 25, 'https://kingston.com/fury-beast-16gb', NULL, 'DDR4'),
(96, 3, 6, 'Kingston Fury Renegade 32GB', 'Fury Renegade DDR4-3600', 179.99, 15, 'https://kingston.com/fury-renegade-32gb', NULL, 'DDR4'),
(97, 3, 5, 'Corsair Vengeance DDR5 32GB', 'Vengeance DDR5-5200', 249.99, 18, 'https://corsair.com/vengeance-ddr5-32gb', NULL, 'DDR5'),
(98, 3, 6, 'Kingston Fury Beast DDR5 16GB', 'Fury Beast DDR5-4800', 129.99, 20, 'https://kingston.com/fury-beast-ddr5', NULL, 'DDR5'),
(99, 3, 5, 'Corsair Vengeance LPX 8GB', 'Vengeance LPX DDR4-2400', 39.99, 40, 'https://corsair.com/vengeance-lpx-8gb', NULL, 'DDR4'),
(100, 3, 6, 'Kingston HyperX Predator 16GB', 'HyperX Predator DDR4-3200', 89.99, 35, 'https://kingston.com/hyperx-predator-16gb', NULL, 'DDR4'),
(101, 3, 5, 'Corsair Dominator Platinum RGB 64GB', 'Dominator Platinum RGB DDR4-3200', 349.99, 8, 'https://corsair.com/dominator-platinum-rgb-64gb', NULL, 'DDR4'),
(102, 3, 6, 'Kingston Fury Renegade RGB 64GB', 'Fury Renegade RGB DDR5-5600', 429.99, 6, 'https://kingston.com/fury-renegade-rgb-64gb', NULL, 'DDR5'),
(103, 3, 5, 'Corsair Vengeance DDR5 16GB', 'Vengeance DDR5-4800', 139.99, 22, 'https://corsair.com/vengeance-ddr5-16gb', NULL, 'DDR5'),
(104, 3, 6, 'Kingston Fury Beast DDR4 32GB', 'Fury Beast DDR4-3200', 149.99, 25, 'https://kingston.com/fury-beast-ddr4-32gb', NULL, 'DDR4'),
(105, 3, 5, 'Corsair Vengeance LPX 32GB', 'Vengeance LPX DDR4-3200', 159.99, 30, 'https://corsair.com/vengeance-lpx-32gb', NULL, 'DDR4'),
(106, 3, 6, 'Kingston HyperX Fury 16GB', 'HyperX Fury DDR4-2666', 69.99, 40, 'https://kingston.com/hyperx-fury-16gb', NULL, 'DDR4'),
(107, 3, 5, 'Corsair Vengeance DDR5 64GB', 'Vengeance DDR5-5600', 499.99, 10, 'https://corsair.com/vengeance-ddr5-64gb', NULL, 'DDR5'),
(108, 3, 6, 'Kingston Fury Beast DDR5 64GB', 'Fury Beast DDR5-5200', 479.99, 8, 'https://kingston.com/fury-beast-ddr5-64gb', NULL, 'DDR5'),
(109, 5, 8, 'Samsung 970 EVO Plus', '970 EVO Plus 1TB SSD', 129.99, 25, 'https://samsung.com/970evo', NULL, NULL),
(110, 5, 8, 'Samsung 980 Pro', '980 Pro 1TB SSD', 179.99, 20, 'https://samsung.com/980pro', NULL, NULL),
(111, 5, 9, 'Western Digital Blue', 'Blue 2TB HDD', 59.99, 30, 'https://wd.com/blue', NULL, NULL),
(112, 5, 9, 'Western Digital Black', 'Black 1TB HDD', 89.99, 15, 'https://wd.com/black', NULL, NULL),
(113, 5, 8, 'Crucial MX500', 'MX500 1TB SSD', 109.99, 18, 'https://crucial.com/mx500', NULL, NULL),
(114, 5, 8, 'Samsung 870 QVO', '870 QVO 2TB SSD', 179.99, 12, 'https://samsung.com/870qvo', NULL, NULL),
(115, 5, 9, 'Seagate Barracuda', 'Barracuda 2TB HDD', 64.99, 25, 'https://seagate.com/barracuda', NULL, NULL),
(116, 5, 9, 'Western Digital Red', 'Red NAS 4TB HDD', 129.99, 10, 'https://wd.com/red', NULL, NULL),
(117, 5, 8, 'Samsung 960 PRO', '960 PRO 512GB SSD', 99.99, 20, 'https://samsung.com/960pro', NULL, NULL),
(118, 5, 8, 'Crucial P5 Plus', 'P5 Plus 1TB SSD', 139.99, 15, 'https://crucial.com/p5plus', NULL, NULL),
(119, 6, 5, 'Corsair RM750x', 'RM750x 750W', 129.99, 20, 'https://corsair.com/rm750x', NULL, NULL),
(120, 6, 10, 'EVGA 600W White', '600W White', 59.99, 30, 'https://evga.com/600w', NULL, NULL),
(121, 6, 5, 'Corsair CX550M', 'CX550M 550W', 69.99, 25, 'https://corsair.com/cx550m', NULL, NULL),
(122, 6, 10, 'EVGA 750W G5', '750W G5', 139.99, 15, 'https://evga.com/750wg5', NULL, NULL),
(123, 6, 5, 'Corsair HX1000i', 'HX1000i 1000W', 299.99, 10, 'https://corsair.com/hx1000i', NULL, NULL),
(124, 6, 10, 'EVGA SuperNOVA 850W', 'SuperNOVA 850W', 159.99, 18, 'https://evga.com/supernova850', NULL, NULL),
(125, 6, 5, 'Corsair SF600', 'SF600 600W', 139.99, 12, 'https://corsair.com/sf600', NULL, NULL),
(126, 6, 10, 'EVGA 500W', '500W', 49.99, 40, 'https://evga.com/500w', NULL, NULL),
(127, 6, 5, 'Corsair RM850x', 'RM850x 850W', 149.99, 15, 'https://corsair.com/rm850x', NULL, NULL),
(128, 6, 10, 'EVGA 650W Gold', '650W Gold', 89.99, 20, 'https://evga.com/650wg', NULL, NULL),
(129, 7, 11, 'NZXT H510', 'H510 Mid Tower', 79.99, 25, 'https://nzxt.com/h510', NULL, NULL),
(130, 7, 12, 'Cooler Master MasterBox Q300L', 'MasterBox Q300L', 49.99, 30, 'https://coolermaster.com/q300l', NULL, NULL),
(131, 7, 11, 'NZXT H710', 'H710 Full Tower', 169.99, 15, 'https://nzxt.com/h710', NULL, NULL),
(132, 7, 12, 'Cooler Master MB511', 'MB511', 89.99, 20, 'https://coolermaster.com/mb511', NULL, NULL),
(133, 7, 11, 'NZXT Kraken Z73', 'Kraken Z73', 199.99, 10, 'https://nzxt.com/krakenz73', NULL, NULL),
(134, 7, 12, 'Cooler Master NR200', 'NR200 Mini-ITX', 99.99, 18, 'https://coolermaster.com/nr200', NULL, NULL),
(135, 7, 11, 'NZXT H210', 'H210 Mini Tower', 69.99, 22, 'https://nzxt.com/h210', NULL, NULL),
(136, 7, 12, 'Cooler Master HAF 700', 'HAF 700', 179.99, 12, 'https://coolermaster.com/haf700', NULL, NULL),
(137, 7, 11, 'NZXT H510 Elite', 'H510 Elite', 149.99, 14, 'https://nzxt.com/h510elite', NULL, NULL),
(138, 7, 12, 'Cooler Master Silencio S600', 'Silencio S600', 129.99, 10, 'https://coolermaster.com/silencios600', NULL, NULL),
(139, 8, 12, 'Cooler Master Hyper 212', 'Hyper 212 Black Edition', 34.99, 25, 'https://coolermaster.com/hyper212', NULL, NULL),
(140, 8, 13, 'Noctua NH-D15', 'NH-D15', 89.99, 15, 'https://noctua.at/nhd15', NULL, NULL),
(141, 8, 12, 'Cooler Master MasterAir MA610P', 'MasterAir MA610P', 59.99, 20, 'https://coolermaster.com/ma610p', NULL, NULL),
(142, 8, 13, 'Noctua NH-U12S', 'NH-U12S', 59.99, 18, 'https://noctua.at/nh-u12s', NULL, NULL),
(143, 8, 12, 'Cooler Master ML240L RGB', 'ML240L RGB AIO', 79.99, 10, 'https://coolermaster.com/ml240l', NULL, NULL),
(144, 8, 13, 'Noctua NH-L9i', 'NH-L9i', 39.99, 25, 'https://noctua.at/nh-l9i', NULL, NULL),
(145, 8, 12, 'Cooler Master MasterLiquid ML360R', 'ML360R RGB AIO', 129.99, 8, 'https://coolermaster.com/ml360r', NULL, NULL),
(146, 8, 13, 'Noctua NH-D15 Chromax Black', 'NH-D15 Chromax Black', 99.99, 12, 'https://noctua.at/nh-d15-chromax', NULL, NULL),
(147, 8, 12, 'Cooler Master MasterAir G100M', 'MasterAir G100M', 44.99, 15, 'https://coolermaster.com/masterair-g100m', NULL, NULL),
(148, 4, 1, 'NVIDIA GeForce RTX 3090', 'RTX3090-24G', 1499.99, 10, 'https://example.com/gpu/rtx3090', NULL, NULL),
(149, 4, 1, 'NVIDIA GeForce RTX 3080', 'RTX3080-10G', 999.99, 12, 'https://example.com/gpu/rtx3080', NULL, NULL),
(150, 4, 1, 'NVIDIA GeForce RTX 3070', 'RTX3070-8G', 699.99, 15, 'https://example.com/gpu/rtx3070', NULL, NULL),
(151, 4, 1, 'NVIDIA GeForce RTX 3060 Ti', 'RTX3060TI-8G', 549.99, 20, 'https://example.com/gpu/rtx3060ti', NULL, NULL),
(152, 4, 1, 'NVIDIA GeForce RTX 4060', 'RTX4060-8G', 399.99, 25, 'https://example.com/gpu/rtx4060', NULL, NULL),
(153, 4, 1, 'NVIDIA GeForce RTX 4070', 'RTX4070-12G', 599.99, 18, 'https://example.com/gpu/rtx4070', NULL, NULL),
(154, 4, 1, 'NVIDIA GeForce RTX 4080', 'RTX4080-16G', 1199.99, 8, 'https://example.com/gpu/rtx4080', NULL, NULL),
(155, 4, 1, 'NVIDIA GeForce RTX 4090', 'RTX4090-24G', 1699.99, 5, 'https://example.com/gpu/rtx4090', NULL, NULL),
(156, 4, 2, 'AMD Radeon RX 7900 XTX', 'RX7900XTX-24G', 999.99, 10, 'https://example.com/gpu/rx7900xtx', NULL, NULL),
(157, 4, 2, 'AMD Radeon RX 7900 XT', 'RX7900XT-20G', 899.99, 12, 'https://example.com/gpu/rx7900xt', NULL, NULL),
(158, 4, 2, 'AMD Radeon RX 7800 XT', 'RX7800XT-16G', 649.99, 14, 'https://example.com/gpu/rx7800xt', NULL, NULL),
(159, 4, 2, 'AMD Radeon RX 7700 XT', 'RX7700XT-12G', 479.99, 15, 'https://example.com/gpu/rx7700xt', NULL, NULL),
(160, 4, 2, 'AMD Radeon RX 7600', 'RX7600-8G', 299.99, 20, 'https://example.com/gpu/rx7600', NULL, NULL),
(161, 4, 2, 'AMD Radeon RX 6700 XT', 'RX6700XT-12G', 399.99, 13, 'https://example.com/gpu/rx6700xt', NULL, NULL),
(162, 4, 2, 'AMD Radeon RX 6600', 'RX6600-8G', 259.99, 17, 'https://example.com/gpu/rx6600', NULL, NULL),
(163, 4, 1, 'NVIDIA GeForce GTX 1660 Super', 'GTX1660S-6G', 229.99, 10, 'https://example.com/gpu/gtx1660s', NULL, NULL),
(164, 4, 1, 'NVIDIA GeForce GTX 1650', 'GTX1650-4G', 179.99, 15, 'https://example.com/gpu/gtx1650', NULL, NULL),
(165, 4, 1, 'NVIDIA GeForce RTX 3050', 'RTX3050-8G', 249.99, 18, 'https://example.com/gpu/rtx3050', NULL, NULL),
(166, 4, 1, 'NVIDIA GeForce RTX 3060', 'RTX3060-12G', 379.99, 16, 'https://example.com/gpu/rtx3060', NULL, NULL),
(167, 4, 2, 'AMD Radeon RX 5500 XT', 'RX5500XT-8G', 189.99, 20, 'https://example.com/gpu/rx5500xt', NULL, NULL),
(168, 4, 2, 'AMD Radeon RX 5600 XT', 'RX5600XT-6G', 289.99, 12, 'https://example.com/gpu/rx5600xt', NULL, NULL),
(169, 4, 2, 'AMD Radeon RX 580', 'RX580-8G', 159.99, 18, 'https://example.com/gpu/rx580', NULL, NULL),
(170, 4, 2, 'AMD Radeon RX Vega 64', 'RXVEGA64-8G', 299.99, 5, 'https://example.com/gpu/vega64', NULL, NULL),
(171, 4, 1, 'NVIDIA GeForce GTX 1080 Ti', 'GTX1080TI-11G', 399.99, 7, 'https://example.com/gpu/gtx1080ti', NULL, NULL),
(172, 4, 1, 'NVIDIA GeForce GTX 1070', 'GTX1070-8G', 279.99, 6, 'https://example.com/gpu/gtx1070', NULL, NULL),
(173, 4, 1, 'NVIDIA GeForce GTX 1050 Ti', 'GTX1050TI-4G', 149.99, 8, 'https://example.com/gpu/gtx1050ti', NULL, NULL),
(174, 4, 1, 'NVIDIA GeForce RTX 4070 Ti', 'RTX4070TI-12G', 799.99, 10, 'https://example.com/gpu/rtx4070ti', NULL, NULL),
(175, 4, 1, 'NVIDIA GeForce RTX 4060 Ti', 'RTX4060TI-8G', 449.99, 12, 'https://example.com/gpu/rtx4060ti', NULL, NULL),
(176, 4, 1, 'NVIDIA GeForce RTX 2080 Ti', 'RTX2080TI-11G', 599.99, 9, 'https://example.com/gpu/rtx2080ti', NULL, NULL),
(177, 4, 2, 'AMD Radeon VII', 'RADEONVII-16G', 699.99, 4, 'https://example.com/gpu/radeonvii', NULL, NULL),
(178, 4, 2, 'AMD Radeon RX 6800', 'RX6800-16G', 579.99, 7, 'https://example.com/gpu/rx6800', NULL, NULL),
(179, 4, 2, 'AMD Radeon RX 6800 XT', 'RX6800XT-16G', 649.99, 9, 'https://example.com/gpu/rx6800xt', NULL, NULL),
(180, 4, 2, 'AMD Radeon RX 6650 XT', 'RX6650XT-8G', 349.99, 11, 'https://example.com/gpu/rx6650xt', NULL, NULL),
(182, 1, 2, 'AMD Ryzen 9 9900X', '100-100000662WOF', 499.99, 5, 'https://www.amd.com/en/products/processors/desktops/ryzen/9000-series/amd-ryzen-9-9900x.html', 'AM5', '');

-- --------------------------------------------------------

--
-- Table structure for table `contact_messages`
--

CREATE TABLE `contact_messages` (
  `id` int(11) NOT NULL,
  `name` varchar(255) NOT NULL,
  `email` varchar(255) NOT NULL,
  `subject` varchar(255) NOT NULL,
  `message` text NOT NULL,
  `created_at` timestamp NOT NULL DEFAULT current_timestamp(),
  `is_read` tinyint(1) DEFAULT 0,
  `is_replied` tinyint(1) DEFAULT 0
) ENGINE=InnoDB DEFAULT CHARSET=utf8mb4 COLLATE=utf8mb4_general_ci;

--
-- Dumping data for table `contact_messages`
--

INSERT INTO `contact_messages` (`id`, `name`, `email`, `subject`, `message`, `created_at`, `is_read`, `is_replied`) VALUES
(7, 'brave', 'bravebwm@gmail.com', 'Bug Report', 'Hey, I noticed there\'s a bug happening in the Search Builder section.\r\nWhen I try to use the search function, especially the \"View\" option or dropdown, it\'s not working properly  I can\'t select anything, and it seems unresponsive or broken.\r\n\r\nThanks!', '2025-07-26 11:17:19', 1, 1),
(8, 'brave', 'bravebwm@gmail.com', 'Bug Report', 'create build isnt working ????', '2025-07-27 11:44:42', 1, 1);

-- --------------------------------------------------------

--
-- Table structure for table `manufacturer`
--

CREATE TABLE `manufacturer` (
  `manufacturer_id` int(11) NOT NULL,
  `name` varchar(100) NOT NULL
) ENGINE=InnoDB DEFAULT CHARSET=utf8mb4 COLLATE=utf8mb4_general_ci;

--
-- Dumping data for table `manufacturer`
--

INSERT INTO `manufacturer` (`manufacturer_id`, `name`) VALUES
(1, 'Intel'),
(2, 'AMD'),
(3, 'ASUS'),
(4, 'MSI'),
(5, 'Corsair'),
(6, 'Kingston'),
(7, 'NVIDIA'),
(8, 'Samsung'),
(9, 'Western Digital'),
(10, 'EVGA'),
(11, 'NZXT'),
(12, 'Cooler Master'),
(13, 'Noctua'),
(14, 'Gigabyte'),
(15, 'ASRock'),
(16, 'Thermaltake'),
(17, 'Seagate'),
(18, 'Crucial'),
(19, 'Patriot'),
(20, 'G.Skill'),
(21, 'Be Quiet!'),
(22, 'DeepCool'),
(23, 'Logitech'),
(24, 'Zotac'),
(25, 'EVGA');

-- --------------------------------------------------------

--
-- Table structure for table `password_resets`
--

CREATE TABLE `password_resets` (
  `user_id` int(11) DEFAULT NULL,
  `email` varchar(255) DEFAULT NULL,
  `token` varchar(64) NOT NULL,
  `expires_at` datetime DEFAULT NULL
) ENGINE=InnoDB DEFAULT CHARSET=utf8mb4 COLLATE=utf8mb4_general_ci;

--
-- Dumping data for table `password_resets`
--

INSERT INTO `password_resets` (`user_id`, `email`, `token`, `expires_at`) VALUES
(17, 'fello@gmail.com', '5c1c3827e350ba837b36b76ebeb4a41cff13922b475323db5d4517332174c13d', '2025-07-27 14:48:57'),
(6, 'bravebwm@gmail.com', 'a80ff14ad681565327dd137191e953c4d14950c177c9aa5819e4ab2c58fa345e', '2025-07-28 10:08:20');

-- --------------------------------------------------------

--
-- Table structure for table `user`
--

CREATE TABLE `user` (
  `user_id` int(11) NOT NULL,
  `name` varchar(100) NOT NULL,
  `email` varchar(100) NOT NULL,
  `password` varchar(255) NOT NULL,
  `is_admin` tinyint(1) DEFAULT 0,
  `created_at` datetime DEFAULT current_timestamp()
) ENGINE=InnoDB DEFAULT CHARSET=utf8mb4 COLLATE=utf8mb4_general_ci;

--
-- Dumping data for table `user`
--

INSERT INTO `user` (`user_id`, `name`, `email`, `password`, `is_admin`, `created_at`) VALUES
(6, 'brave', 'bravebwm@gmail.com', '$2y$10$YVgEXcZvdZoQ0VeqV04PW.4RE/h8IzZtajplaOiunF9kLUrVb27oq', 0, '2025-07-25 11:30:52'),
(7, 'Unknown', 'unknowpicker@gmail.com', '$2y$10$aR5DHyeU4NMO1kugm62yyu.phydkWliCoOQXktqRa2F6qlaunm2mO', 0, '2025-07-25 11:33:30'),
(8, 'bibi', 'bibibelo@gmail.com', '$2y$10$kfx95n2E88SJS674jiovmuDL9TAB4Nf08mUNgwTqUaUuJicDj6zIi', 0, '2025-07-25 12:55:12'),
(10, 'Wolf', 'bravewolf68@gmail.com', '$2y$10$nDeCP69G/w1O9Y7o65aX9.09l.YV9CL9g7pCCQS5YhGnccahJ4.NC', 0, '2025-07-25 13:03:45'),
(13, 'Beast', 'bibibelou@gmail.com', '$2y$10$0fJZ8BShuywhmvZqD.bNxOjbXPJH6rdZTsQ/KzMxLTHQ9JI7J1E2W', 0, '2025-07-26 11:22:39'),
(16, 'Support', 'support@pcpartpicker.com', '$2y$10$.NVUMhQH3M4z8Z4JHHO6YOK4DprSgiBevbnKbHlaaOJze25oaLZ7m', 1, '2025-07-26 14:14:09');

--
-- Indexes for dumped tables
--

--
-- Indexes for table `build`
--
ALTER TABLE `build`
  ADD PRIMARY KEY (`build_id`),
  ADD UNIQUE KEY `unique_name` (`name`),
  ADD KEY `idx_user_id` (`user_id`);

--
-- Indexes for table `buildcomponent`
--
ALTER TABLE `buildcomponent`
  ADD PRIMARY KEY (`build_id`,`component_id`),
  ADD KEY `idx_component_id` (`component_id`);

--
-- Indexes for table `category`
--
ALTER TABLE `category`
  ADD PRIMARY KEY (`category_id`);

--
-- Indexes for table `compatibility_check`
--
ALTER TABLE `compatibility_check`
  ADD PRIMARY KEY (`cpu_id`,`motherboard_id`,`ram_id`),
  ADD KEY `motherboard_id` (`motherboard_id`),
  ADD KEY `ram_id` (`ram_id`);

--
-- Indexes for table `component`
--
ALTER TABLE `component`
  ADD PRIMARY KEY (`component_id`),
  ADD KEY `category_id` (`category_id`),
  ADD KEY `manufacturer_id` (`manufacturer_id`);

--
-- Indexes for table `contact_messages`
--
ALTER TABLE `contact_messages`
  ADD PRIMARY KEY (`id`);

--
-- Indexes for table `manufacturer`
--
ALTER TABLE `manufacturer`
  ADD PRIMARY KEY (`manufacturer_id`);

--
-- Indexes for table `password_resets`
--
ALTER TABLE `password_resets`
  ADD PRIMARY KEY (`token`);

--
-- Indexes for table `user`
--
ALTER TABLE `user`
  ADD PRIMARY KEY (`user_id`),
  ADD UNIQUE KEY `email` (`email`);

--
-- AUTO_INCREMENT for dumped tables
--

--
-- AUTO_INCREMENT for table `build`
--
ALTER TABLE `build`
  MODIFY `build_id` int(11) NOT NULL AUTO_INCREMENT, AUTO_INCREMENT=10;

--
-- AUTO_INCREMENT for table `category`
--
ALTER TABLE `category`
  MODIFY `category_id` int(11) NOT NULL AUTO_INCREMENT, AUTO_INCREMENT=9;

--
-- AUTO_INCREMENT for table `component`
--
ALTER TABLE `component`
  MODIFY `component_id` int(11) NOT NULL AUTO_INCREMENT, AUTO_INCREMENT=183;

--
-- AUTO_INCREMENT for table `contact_messages`
--
ALTER TABLE `contact_messages`
  MODIFY `id` int(11) NOT NULL AUTO_INCREMENT, AUTO_INCREMENT=9;

--
-- AUTO_INCREMENT for table `manufacturer`
--
ALTER TABLE `manufacturer`
  MODIFY `manufacturer_id` int(11) NOT NULL AUTO_INCREMENT, AUTO_INCREMENT=26;

--
-- AUTO_INCREMENT for table `user`
--
ALTER TABLE `user`
  MODIFY `user_id` int(11) NOT NULL AUTO_INCREMENT, AUTO_INCREMENT=18;

--
-- Constraints for dumped tables
--

--
-- Constraints for table `build`
--
ALTER TABLE `build`
  ADD CONSTRAINT `fk_build_user` FOREIGN KEY (`user_id`) REFERENCES `user` (`user_id`) ON DELETE CASCADE;

--
-- Constraints for table `buildcomponent`
--
ALTER TABLE `buildcomponent`
  ADD CONSTRAINT `fk_buildcomponent_build` FOREIGN KEY (`build_id`) REFERENCES `build` (`build_id`) ON DELETE CASCADE,
  ADD CONSTRAINT `fk_buildcomponent_component` FOREIGN KEY (`component_id`) REFERENCES `component` (`component_id`) ON DELETE CASCADE;

--
-- Constraints for table `compatibility_check`
--
ALTER TABLE `compatibility_check`
  ADD CONSTRAINT `compatibility_check_ibfk_1` FOREIGN KEY (`cpu_id`) REFERENCES `component` (`component_id`),
  ADD CONSTRAINT `compatibility_check_ibfk_2` FOREIGN KEY (`motherboard_id`) REFERENCES `component` (`component_id`),
  ADD CONSTRAINT `compatibility_check_ibfk_3` FOREIGN KEY (`ram_id`) REFERENCES `component` (`component_id`);

--
-- Constraints for table `component`
--
ALTER TABLE `component`
  ADD CONSTRAINT `component_ibfk_1` FOREIGN KEY (`category_id`) REFERENCES `category` (`category_id`) ON DELETE CASCADE,
  ADD CONSTRAINT `component_ibfk_2` FOREIGN KEY (`manufacturer_id`) REFERENCES `manufacturer` (`manufacturer_id`) ON DELETE CASCADE;
COMMIT;

/*!40101 SET CHARACTER_SET_CLIENT=@OLD_CHARACTER_SET_CLIENT */;
/*!40101 SET CHARACTER_SET_RESULTS=@OLD_CHARACTER_SET_RESULTS */;
/*!40101 SET COLLATION_CONNECTION=@OLD_COLLATION_CONNECTION */;
